processing,2,"('93ed3296e0635ba8b89387fa1e1572e590891e34', '68efe43a1f6d14321205888d23da142e0facf92c')",Pull Up Attribute,java/src/processing/mode/java/JavaEditor.java@private errorColumn : MarkerColumn,app/src/processing/app/ui/Editor.java@protected errorColumn : MarkerColumn,"[BlameRes(sha1='3bb434de5fceaa8164a2c620aeb11f86f5edcd70', oline='84', file_name='java/src/processing/mode/java/JavaEditor.java')]",G,not explicit
processing,3,"('a5ee37a4c38a0309cbb478bc07997541c128a233', '1141d0ba006df2b8324d66b998236c081c922a5b', 'a17e1951d04617d84b28a4a213c26e8dcfc826bd')",Move And Rename Method,core/src/processing/data/FloatList.java@public toIntArray() : int[],core/src/processing/data/JSONArray.java@public getIntArray() : int[],"[BlameRes(sha1='d895eb3d6a1a4a28a23ba8bd09434a1b22be1a18', oline='169', file_name='core/src/processing/data/FloatList.java')]",G,not explicit
processing,4,"('55de751e9482b89f5dcf2eec37aa4c9cf6b1b42f', 'a926f1fef7481a34e717d4b7c6fc91eb3d8781dc', 'ae409e8230f9a550d2db900808d86eb6022eb57e', 'dee41b93021b331c9075d2d455228b47f16300d4')",Split Parameter,pdex/src/processing/mode/experimental/TextArea.java@items : CompletionCandidate[],pdex/src/processing/mode/experimental/TextArea.java@defListModel : DefaultListModel,"[BlameRes(sha1='9c7e1b81f82572a8b8bbb038e793fa42fa37b22f', oline='383', file_name='pdex/src/processing/mode/experimental/TextArea.java')]",C: Change Parameter Type + Rename Parameter + Add parameter,not explicit
processing,5,"('60a2823e3bc0e9788d37d91e4c463025ec052f87', '399a819c48cba8674870bd37be4530ea619e2d57', '7638c9cb05b54e4d0492f444315d8f49f413b46d', 'f372f18d283ce46d972af508dec4afdc678c24f6', 'ca9a5813dcafed4a74eacaefb62636bd89c01ed9')",Remove Variable Modifier,android/tool/src/processing/app/tools/android/Build.java@writer : PrintWriter,android/tool/src/processing/app/tools/android/Manifest.java@writer : PrintWriter,"[BlameRes(sha1='c513b0a9f8d19be20c07090e6581411c2321c710', oline='401', file_name='android/tool/src/processing/app/tools/android/Build.java')]",G,not explicit
jeromq,2,"('51aaa5992c354853c55e9f835b019b60e64aa21c', '7993ad79fd7a270b319b1ce06ed67ee913547102')",Move Method,"src/main/java/zmq/Proxy.java@protected xsend(msg_ Msg, flags_ int) : boolean","src/main/java/zmq/Sub.java@protected xsend(msg_ Msg, flags_ int) : boolean","[BlameRes(sha1='b2adccac2e6c4bc7b772efe12177ad56c519a7e8', oline='19', file_name='src/main/java/zmq/Proxy.java')]",G,Not explicit
jeromq,3,"('5a7d1af4f30e2def6d16bb74e4f50947c0f73ec8', '51b6f2aec190eb979f3bbe027c95a74a11dc32dc', '1c31092459ccd2594fa2923d045ea20fc7013ef7')",Move And Rename Method,"src/main/java/zmq/IpcAddress.java@public resolve(name_ String, local_ boolean, ip4only_ boolean) : void",src/main/java/zmq/StreamEngine.java@public accept_event() : void,"[BlameRes(sha1='e379eb95f858271cc3df3316b2b4b3719f205380', oline='12', file_name='src/main/java/zmq/IpcAddress.java')]",x,
jeromq,3,"('51aaa5992c354853c55e9f835b019b60e64aa21c', '7993ad79fd7a270b319b1ce06ed67ee913547102', 'b2adccac2e6c4bc7b772efe12177ad56c519a7e8')",Move Attribute,src/main/java/zmq/Encoder.java@private bufsize : int,src/main/java/zmq/DecoderBase.java@private bufsize : int,"[BlameRes(sha1='e379eb95f858271cc3df3316b2b4b3719f205380', oline='21', file_name='src/main/java/zmq/Encoder.java')]",C: Remove Attribute + Add Attribute,Not explicit
jeromq,4,"('b2adccac2e6c4bc7b772efe12177ad56c519a7e8', '488c48bf81b90c8c55b6c674ba0fe197948c210c', 'cbb4daf48d4a66a92f2bfc0d6b86cdd97b87be63', '5a7d1af4f30e2def6d16bb74e4f50947c0f73ec8')",Move Class,src/main/java/org/zermq/ZMQ.java@org.zermq.ZMQ.Socket,src/main/java/org/zeromq/ZMQ.java@org.zeromq.ZMQ.Socket,"[BlameRes(sha1='359d36bd1d4c2a1f6b7c0628d81b54dd54352279', oline='31', file_name='src/main/java/org/zermq/ZMQ.java')]",G,Not explicit
jeromq,5,"('51b6f2aec190eb979f3bbe027c95a74a11dc32dc', '1c31092459ccd2594fa2923d045ea20fc7013ef7', '359d36bd1d4c2a1f6b7c0628d81b54dd54352279', 'ed4e48482863f911078d2cca1a0ce71711a38581', 'a8ea374d703ba4dbed36ff2c39b3b6a4a6d25f44')",Move And Rename Method,"src/main/java/zmq/IpcAddress.java@public resolve(name_ String, local_ boolean, ip4only_ boolean) : void",src/main/java/zmq/IOThread.java@public accept_event() : void,"[BlameRes(sha1='e379eb95f858271cc3df3316b2b4b3719f205380', oline='12', file_name='src/main/java/zmq/IpcAddress.java')]",X,
jeromq,5,"('fd69e57e0b0be21382a3131fdbf78f349a2fb9ec', '83bd5e099e63c0238c2a290fae9442d35ff3a535', '98e324c66c1d880f787377089390f42ef7b5f2a4', 'a5a021e0b0d9424512d335d10c792078c79921c8', '81317d2c9196a8d2a839ce56fbdf3f3159fc414e')",Move And Inline Method,src/main/java/zmq/ZError.java@public EAGAIN() : void,src/main/java/zmq/FQ.java@public recvpipe(pipe_ Pipe[]) : Msg,"[BlameRes(sha1='8585218e984943ddb6e0c96bbfb151c9b5f0fd18', oline='132', file_name='src/main/java/zmq/ZError.java')]",G,Not explicit
spring-data-rest,2,"('49de72882224cf5302d9fc0e5a78902aa635e6d6', 'ce9d73af2185e65b817a21e0dbdd946884163561')",Rename Attribute,spring-data-rest-webmvc/src/main/java/org/springframework/data/rest/webmvc/json/PersistentEntityJackson2Module.java@associationLinks : AssociationLinks,spring-data-rest-webmvc/src/main/java/org/springframework/data/rest/webmvc/json/PersistentEntityJackson2Module.java@associations : Associations,"[BlameRes(sha1='18d130d16e275ff954ca01617fc17a527dd01b7c', oline='125', file_name='spring-data-rest-webmvc/src/main/java/org/springframework/data/rest/webmvc/json/PersistentEntityJackson2Module.java')]",C: Change Attribute Type + Renaem Attribute,not explicit
spring-data-rest,3,"('e550b011eafb8506c14646cb9cc8a3ed49c5dfa5', 'f0c3f3f82e8a0200b8f2fa8118604ab10a7c0dc8', 'a6a68b25eb86caf7541bf5a0845495535df9e9ce')",Move And Rename Class,spring-data-rest-example/src/main/java/org/springframework/data/rest/example/jpa/Person.java@org.springframework.data.rest.example.jpa.Person,spring-data-rest-webmvc/src/test/java/org/springframework/data/rest/webmvc/cassandra/Employee.java@org.springframework.data.rest.webmvc.cassandra.Employee,"[BlameRes(sha1='37fc66489cf0e8ba829af71fe6ca259c96f118f7', oline='18', file_name='spring-data-rest-example/src/main/java/org/springframework/data/rest/example/jpa/Person.java')]",G,not explicit
spring-data-rest,4,"('7d5250ef8adb85447ea8440a905ee02cb9b3b23a', '8055c8f630c19c6243f20090ca11486388f60da4', '1c74b7cae9e0dea08aa403d76c1434fefdd71969', '877dad49e3d767b582f080ce250f59d70443c748')",Change Parameter Type,"spring-data-rest-repository/src/main/java/org/springframework/data/rest/repository/PersistentEntityResource.java@persistentEntity : PersistentEntity<T,?>","spring-data-rest-repository/src/main/java/org/springframework/data/rest/repository/PersistentEntityResource.java@entity : PersistentEntity<?,?>","[BlameRes(sha1='37fc66489cf0e8ba829af71fe6ca259c96f118f7', oline='28', file_name='spring-data-rest-repository/src/main/java/org/springframework/data/rest/repository/PersistentEntityResource.java')]",C: Change Attribute Type + Renaem Attribute,not explicit
spring-data-rest,5,"('5281b713ec3a2a49a6e1af167cc803fa2b653ffc', '3c19a3906e4f96fd73871621e453cd11e0c7a6e3', '4b3cfd03d6c2c641664f8e7503f0708721a3f253', 'bb11cbddcd3cd4f20d9e97c20955d44957132490', '9749de949871ef9bba60b4faf1aaf53e70842ba9')",Move Attribute,spring-data-rest-webmvc/src/main/java/org/springframework/data/rest/webmvc/json/PersistentEntityJackson2Module.java@private conversionService : ConversionService,spring-data-rest-webmvc/src/main/java/org/springframework/data/rest/webmvc/RepositoryPropertyReferenceController.java@private conversionService : ConversionService,"[BlameRes(sha1='ebb32d8be58bf29157c1263707a6a84b4a612c85', oline='60', file_name='spring-data-rest-webmvc/src/main/java/org/springframework/data/rest/webmvc/json/PersistentEntityJackson2Module.java')]",G,not explicit
sshj,2,"('3cd638d3c853c4a2f308eae498cd1c03c74a5810', 'ce920df4f631b431c3a2ece11d7ddcdf40049eb3')",Move Attribute,src/main/java/net/schmizz/sshj/sftp/SFTPClient.java@private pathHelper : PathHelper,src/main/java/net/schmizz/sshj/sftp/SFTPEngine.java@protected pathHelper : PathHelper,"[BlameRes(sha1='1c032ea6e0093990d43ee464b2248ad7e73a2e58', oline='20', file_name='src/main/java/net/schmizz/sshj/sftp/SFTPClient.java')]",G,explict: c4
sshj,3,"('8311f6386b4bd28201c0bc5694b8581e9d5c8163', '826e45ead1e628deca48c9012254931f81aeb5b6', '6765748f567454929d2a54d21501806050c9154d')",Change Parameter Type,src/main/java/net/schmizz/sshj/xfer/scp/SCPUploadClient.java@f : File,src/main/java/net/schmizz/sshj/xfer/scp/SCPUploadClient.java@f : LocalFile,"[BlameRes(sha1='c724a2aa839f1b064214c23fbc04609e71bb7756', oline='64', file_name='src/main/java/net/schmizz/sshj/xfer/scp/SCPUploadClient.java')]",G,not explicit
sshj,4,"('4fbbbe5a482c27dfa5d5266138670b39eb522335', '111bb1f6d23252dce9a75e87b88208df0a5cbc31', 'ce1ed1f671d6930a734edea72b0b33e0c54e7590', '624e9f563e621ad800d23ec915e1f66bd135bc83')",Remove Parameter,src/main/java/net/schmizz/sshj/xfer/DefaultModeGetter.java@f : LocalFile,src/main/java/net/schmizz/sshj/xfer/FileSystemFile.java@public getLastAccessTime() : long,"[BlameRes(sha1='6765748f567454929d2a54d21501806050c9154d', oline='31', file_name='src/main/java/net/schmizz/sshj/xfer/DefaultModeGetter.java')]",G,not explicit
sshj,5,"('93d11a74ef8385d6839b601257bee91b7970d353', 'bda49d8b626705ece2b0fb1d846046e2e2e2542c', '5c6699dab0b445220966b0d4d677505098c02da5', 'ca8ec7c59c5f0391cfb6034702156794c7ad9788', 'ac656714686913570490adf769bc6417bd840127')",Move Method,src/test/java/net/schmizz/sshj/util/BasicFixture.java@public getServer() : SshServer,src/test/java/com/hierynomus/sshj/test/SshFixture.java@public getServer() : SshServer,"[BlameRes(sha1='036f1c24cac85b4b4de7831c53e9fd182961cc99', oline='84', file_name='src/test/java/net/schmizz/sshj/util/BasicFixture.java')]",G,not explicit
rest-assured,2,"('92bee7bbb3ac0bf9879a65059184a22bf05a642f', '7f275b7050bbe4e59e3a88b71bf32340230d25cd')",Add Parameter,"rest-assured/src/main/java/com/jayway/restassured/authentication/CertificateAuthSettings.java@private CertificateAuthSettings(certType String, port int, keyStoreProvider KeystoreProvider, checkServerHostname boolean)",rest-assured/src/main/java/com/jayway/restassured/authentication/CertificateAuthSettings.java@trustStore : KeyStore,"[BlameRes(sha1='b2033dc53ad2ef7b8c9c9ac18e0970971f36b775', oline='17', file_name='rest-assured/src/main/java/com/jayway/restassured/authentication/CertificateAuthSettings.java')]",C: Rename Parameter + Change Parameter Type,not explicit
rest-assured,3,"('b9edba0bcf4d7b5a1dacf9339aab408d78e28ee7', 'b285492316cdea3bf0057ca0df3460f73f761e0f', 'b1dfc54dbfac1776878d12886b30dbd821ac26e6')",Change Variable Type,rest-assured/src/main/java/com/jayway/restassured/path/json/JsonPath.java@type : ObjectMapperType,json-path/src/main/java/com/jayway/restassured/path/json/JsonPath.java@cfg : JsonPathConfig,"[BlameRes(sha1='d5f8405e7a86f8570c512bdcd421c5789c419666', oline='189', file_name='rest-assured/src/main/java/com/jayway/restassured/path/json/JsonPath.java')]",C: Move Method + Change Variable Type,not explicit
rest-assured,4,"('1b4fd270be7d2ff92d6dafa914e4a174a1ae440f', 'aeb19b681876a2ced0afb7b0b9bedd272a35618f', '4ad00ec99092135587571f5d38e70cc393bc3ef3', '02c16701f309d6345c3e39ead5879e3037de69c2')",Split Attribute,modules/spring-mock-mvc/src/main/java/com/jayway/restassured/module/mockmvc/RestAssuredMockMvc.java@mockMvc : MockMvc,modules/spring-mock-mvc/src/main/java/com/jayway/restassured/module/mockmvc/RestAssuredMockMvc.java@mockMvcFactory : MockMvcFactory,"[BlameRes(sha1='0a532c9b7d70aeac46c8d6f9b8e2eab8d6b6d0bd', oline='8', file_name='modules/spring-mock-mvc/src/main/java/com/jayway/restassured/module/mockmvc/RestAssuredMockMvc.java')]",G,not explicit
rest-assured,5,"('ea6fd7809a65872bbc3302328c37f3af2603e9ee', 'a63d6e3b2ed7f24718bfb9676da496c1253bc580', 'b84692a6c2b43a9715ab996b325a90812ec2e126', '233d67145ba5f29ea9e52272341278229720a5db', 'b2033dc53ad2ef7b8c9c9ac18e0970971f36b775')",Add Method Annotation,"rest-assured/src/main/java/com/jayway/restassured/RestAssured.java@public certificate(certURL String, password String, certType String, port int, trustStoreProvider KeystoreProvider) : AuthenticationScheme",rest-assured/src/main/java/com/jayway/restassured/RestAssured.java@@Deprecated,"[BlameRes(sha1='b1e58caeda8bd9adcb6d1478cb66212372d35d4e', oline='253', file_name='rest-assured/src/main/java/com/jayway/restassured/RestAssured.java')]",G,not explicit
helios,2,"('8a301556981c4319203bb6e8ee9e01fc358dc191', '226166567ca2065b5ea801def903163591ebb9f0')",Extract Method,"helios-services/src/main/java/com/spotify/helios/master/ZooKeeperMasterModel.java@public updateDeploymentGroupHosts(groupName String, hosts List<String>) : void",helios-services/src/main/java/com/spotify/helios/master/ZooKeeperMasterModel.java@private allowHostChange(status DeploymentGroupStatus) : boolean,"[BlameRes(sha1='0a701897a92d6dd5ac80586e82204bb958a7e0a0', oline='383', file_name='helios-services/src/main/java/com/spotify/helios/master/ZooKeeperMasterModel.java')]",G,not explicit
helios,3,"('9395f16b731d33bdfacaef64e0d8397c8f4f58eb', 'cede1cfa99adefde799865da9d55f1b3fad76525', '243c5dc3693032661eebde00e3b640e30bda9f5b')",Add Parameter,"helios-client/src/main/java/com/spotify/helios/client/AuthenticatingHttpConnector.java@private handleHttps(connection HttpURLConnection, hostname String, identity Identity) : void",helios-client/src/main/java/com/spotify/helios/client/DefaultHttpConnector.java@hostnameVerifierProvider : HostnameVerifierProvider,"[BlameRes(sha1='47367c54d4e603ee123fc7f8268832d3b350d25a', oline='122', file_name='helios-client/src/main/java/com/spotify/helios/client/AuthenticatingHttpConnector.java')]",G,not explicit
helios,4,"('200589ead4c05c77e7b14a4c6f10f88de11aa9a4', '02c9ff0336c109d2f714d55a00e668bd510cc8ee', '4b30fa73a50bc39e9b724859826f787e625f1b14', 'cda1c1472da04a33fd3cc34dab3a11fd40a94639')",Change Attribute Access Modifier,helios-services/src/main/java/com/spotify/helios/servicescommon/ZooKeeperAclProvider.java@public AGENT_USER : String,helios-services/src/test/java/com/spotify/helios/servicescommon/ZooKeeperAclProvidersTest.java@private AGENT_USER : String,"[BlameRes(sha1='4c1cf94922f6aabd68d2537e10b0d5213371f9d9', oline='29', file_name='helios-services/src/main/java/com/spotify/helios/servicescommon/ZooKeeperAclProvider.java')]",C: Move Attribute + Change Attribute Modifier,not explicit
helios,5,"('9395f16b731d33bdfacaef64e0d8397c8f4f58eb', 'cede1cfa99adefde799865da9d55f1b3fad76525', '243c5dc3693032661eebde00e3b640e30bda9f5b', 'b1f33363dec7db48bb9220d9ef8cff20ea3b426b', '47367c54d4e603ee123fc7f8268832d3b350d25a')",Rename Class,helios-client/src/main/java/com/spotify/helios/client/HttpRequest.java@com.spotify.helios.client.HttpRequest,helios-client/src/main/java/com/spotify/helios/client/HttpsHandlers.java@com.spotify.helios.client.HttpsHandlers,"[BlameRes(sha1='0d07c745ab0bbcba929b71ca30fa205a26564480', oline='4', file_name='helios-client/src/main/java/com/spotify/helios/client/HttpRequest.java')]",G,explicit: C3
giraph,2,"('46cd48a66abb86e9af878eb03cb0c0ea9edd5082', '1152db45c1e3021acbd89d013fa0967fc3691297')",Move Method,giraph-core/src/main/java/org/apache/giraph/worker/WorkerProgress.java@public readFields(dataInput DataInput) : void,giraph-examples/src/main/java/org/apache/giraph/examples/scc/SccVertexValue.java@public readFields(in DataInput) : void,"[BlameRes(sha1='ef64561a1fc123a7d9efe03f1d3cacb8d14871f8', oline='236', file_name='giraph-core/src/main/java/org/apache/giraph/worker/WorkerProgress.java')]",G,
giraph,3,"('655f5e7dbbec14b9dbc2d738dc240ad0303abf04', '100b96a5daad5fe399fdd80879fc74468a9984cd', '7a1ec90082cf3db0acd1212dc351bc27b5f5d60e')",Move Method,giraph/src/main/java/org/apache/giraph/GiraphConfiguration.java@public GiraphConfiguration(conf Configuration),giraph/src/main/java/org/apache/giraph/conf/GiraphConfiguration.java@public GiraphConfiguration(conf Configuration),"[BlameRes(sha1='9941062d2af327172b671a4f7cbe70442cd6f0f7', oline='307', file_name='src/main/java/org/apache/giraph/GiraphConfiguration.java')]",G,not explicit
giraph,4,"('774c5731f03110ddfe883c9ed416fc1380060550', '6fc215c21d5b261d776ecd03b0e7d4442153280a', '5b5393ec69fb642b3977dd8e0c46d4bfaaddd623', 'c42c5ae557e593e2de9da09597d6425c211c41dd')",Rename Class,giraph/src/main/java/org/apache/giraph/graph/EdgeListVertex.java@org.apache.giraph.graph.EdgeListVertex,giraph-core/src/main/java/org/apache/giraph/graph/EdgeListVertexBase.java@org.apache.giraph.graph.EdgeListVertexBase,"[BlameRes(sha1='c96ade46e7cf00e5164c9c2bc54198a9e56b8727', oline='20', file_name='src/main/java/org/apache/giraph/graph/EdgeListVertex.java')]",C: Move Class + Rename Class,not explicit
giraph,5,"('62b5c2b7587f9cf8beecadf5f8c7a08e6f490825', '4ac1d70524e4933e6d5c7109703fd9ee291b7c62', '41804c69883ca7f8513bdda0463acd09dd89a92a', '464d91875b89a889425f75626257a86cf59d05a2', '244a641077fd2d7c5479cb961c7f131af38c33a9')",Change Variable Type,src/main/java/org/apache/giraph/graph/GraphMapper.java@vertexMsgIt : Iterator<M>,src/main/java/org/apache/giraph/graph/GraphMapper.java@vertexMsgIt : Iterable<M>,"[BlameRes(sha1='8c0fc9d9e23df6d4b3632464e4945dc46217d999', oline='483', file_name='src/main/java/org/apache/giraph/graph/GraphMapper.java')]",G,not explicit
jfinal,2,"('f9df0a16ae66939541e05b12c032c27de9917f21', 'd2c4ac8b10ddaa6f8215618742aa7eeba78841c9')",Rename Parameter,src/main/java/com/jfinal/template/expr/ast/MethodKit.java@extensionClass : Class<?>,src/main/java/com/jfinal/kit/ReflectKit.java@clazz : Class<?>,"[BlameRes(sha1='98fddd40424bfe6fc10127bb24d116094ffccbf1', oline='257', file_name='src/main/java/com/jfinal/template/expr/ast/MethodKit.java')]",G,Explicitly: C4
jfinal,2,"('f9df0a16ae66939541e05b12c032c27de9917f21', 'd2c4ac8b10ddaa6f8215618742aa7eeba78841c9')",Change Method Access Modifier,src/main/java/com/jfinal/template/expr/ast/MethodKit.java@private newExtensionObject(extensionClass Class<?>) : Object,src/main/java/com/jfinal/kit/ReflectKit.java@public newInstance(clazz Class<?>) : Object,"[BlameRes(sha1='98fddd40424bfe6fc10127bb24d116094ffccbf1', oline='257', file_name='src/main/java/com/jfinal/template/expr/ast/MethodKit.java')]",G,Explicitly: C4
jfinal,2,"('f9df0a16ae66939541e05b12c032c27de9917f21', 'd2c4ac8b10ddaa6f8215618742aa7eeba78841c9')",Move And Rename Method,src/main/java/com/jfinal/template/expr/ast/MethodKit.java@private newExtensionObject(extensionClass Class<?>) : Object,src/main/java/com/jfinal/kit/ReflectKit.java@public newInstance(clazz Class<?>) : Object,"[BlameRes(sha1='98fddd40424bfe6fc10127bb24d116094ffccbf1', oline='257', file_name='src/main/java/com/jfinal/template/expr/ast/MethodKit.java')]",G,Explicitly: C4
jfinal,3,"('8cdb817bc361f24484120a11237e9cd12d7e0c81', '99b6ed0e2c93c03095a91dd0e430551c6bfd4a50', '7e718d9ab08695c70728a39b4b5bca9ca4334ecf')",Extract Method,"src/main/java/com/jfinal/aop/AopFactory.java@public inject(targetClass Class<?>, targetObject Object, injectDepth int) : void",src/main/java/com/jfinal/aop/AopFactory.java@protected doGet(targetClass Class<T>) : T,"[BlameRes(sha1='cab87d281c737dc3abcec8d974e30e9c7319e7cb', oline='77', file_name='src/main/java/com/jfinal/aop/AopFactory.java')]",C: Extract Method + Remove Parameter,Not explicitly
jfinal,4,"('448605657d99deea8bec56c979cfbf050805f259', '23a45fa61cd9a4522a4a168c7000111e6a447ead', 'edbe10d47bc3d1919c9d0f31aeac8f7ed29c1b58', '45f4f76c17c2d7fd32006b37b4a93448bab707ad')",Move And Rename Class,src/main/java/com/jfinal/aop/Callback.java@com.jfinal.aop.Callback,src/main/java/com/jfinal/ext/proxy/CglibCallback.java@com.jfinal.ext.proxy.CglibCallback,"[BlameRes(sha1='38a252ea36261c4aab2b45347916e73298ebe430', oline='11', file_name='src/com/jfinal/aop/Callback.java')]",G,Not explicitly
jfinal,4,"('448605657d99deea8bec56c979cfbf050805f259', '23a45fa61cd9a4522a4a168c7000111e6a447ead', 'edbe10d47bc3d1919c9d0f31aeac8f7ed29c1b58', '45f4f76c17c2d7fd32006b37b4a93448bab707ad')",Change Parameter Type,src/main/java/com/jfinal/aop/Invocation.java@methodProxy : MethodProxy,src/main/java/com/jfinal/aop/Invocation.java@callback : Callback,"[BlameRes(sha1='38a252ea36261c4aab2b45347916e73298ebe430', oline='36', file_name='src/com/jfinal/aop/Invocation.java')]",G,Not explicitly
jfinal,5,"('6991e8cd00e138f14d5cc740a5130c8f32f91721', '581f925168959ff21a136bde5d483b3439e0ba8f', '2e37bfa1bd0499c8c61fbb5769ec6fe958e4a1f0', 'ca808f16368993db2f830a5fe76cff26748b3975', '115e3ca909cf01517e4d1d31363951cecc54da44')",Change Parameter Type,src/com/jfinal/plugin/activerecord/Db.java@dataSource : DataSource,src/com/jfinal/plugin/activerecord/Db.java@config : Config,"[BlameRes(sha1='c82fd53039074a406a3d5667814fded1ce2b42ae', oline='503', file_name='src/com/jfinal/plugin/activerecord/Db.java')]",C: Add Parameter + Remove Parameter,Not explicitly
jfinal,5,"('6991e8cd00e138f14d5cc740a5130c8f32f91721', '581f925168959ff21a136bde5d483b3439e0ba8f', '2e37bfa1bd0499c8c61fbb5769ec6fe958e4a1f0', 'ca808f16368993db2f830a5fe76cff26748b3975', '115e3ca909cf01517e4d1d31363951cecc54da44')",Rename Parameter,src/com/jfinal/plugin/activerecord/Db.java@dataSource : DataSource,src/com/jfinal/plugin/activerecord/Db.java@config : Config,"[BlameRes(sha1='c82fd53039074a406a3d5667814fded1ce2b42ae', oline='503', file_name='src/com/jfinal/plugin/activerecord/Db.java')]",C: Add Parameter + Remove Parameter,Not explicitly
android-async-http,2,"('976fb73c054583b4cff47fd5fcfb370ebd9d4720', '0c6f669f3dcf01bf565c6017b7975a3ec9a15f2a')",Merge Class,library/src/main/java/com/loopj/android/http/ArgsUtils.java@com.loopj.android.http.ArgsUtils,library/src/main/java/com/loopj/android/http/Utils.java@com.loopj.android.http.Utils,"[BlameRes(sha1='253fd079a4703ae44a111a246bd0fca96240d72c', oline='4', file_name='library/src/main/java/com/loopj/android/http/ArgsUtils.java')]",G,not explicit
android-async-http,3,"('73a70a642049d7f2a6e28fe29b9232741063abba', 'fbb8a7a2553df81f2f0c7416bc20346eac9aa9da', '3c4f41bdac01aed72ed51f6adcde878b17b3e68e')",Merge Class,sample/src/main/java/com/loopj/android/http/sample/CancelAllRequests.java@com.loopj.android.http.sample.CancelAllRequests,sample/src/main/java/com/loopj/android/http/sample/CancelAllRequestsSample.java@com.loopj.android.http.sample.CancelAllRequestsSample,"[BlameRes(sha1='55de9bd709d1ba2e0d53d17e7d1131c263fb3abd', oline='3', file_name='sample/src/main/java/com/loopj/android/http/sample/CancelAllRequests.java')]",G,not explicit
android-async-http,5,"('d8bf5ca88342bfe73b54b0fc041c7237a7729bb9', 'f1b30ceb5b4a56950534160d628e2fd649632492', 'a5edfd36230c008e96d1ecd99d52728fea5bbbec', 'b11a1d5f860c7015ed06be4e2e8e84214ff7d9bb', '481b95b08ea74e28d8c6f4b0fc55bd5bf30510ea')",Change Return Type,library/src/com/loopj/android/http/AsyncHttpResponseHandler.java@Boolean,library/src/com/loopj/android/http/AsyncHttpResponseHandler.java@boolean,"[BlameRes(sha1='0a4351c5c536afcd539c51deb8041ee204df15d1', oline='52', file_name='library/src/com/loopj/android/http/AsyncHttpResponseHandler.java')]",G,not explicit
hydra,2,"('e9176e7700fc00bac88f1cf38d63d5d945be20d3', '1cc137702401717194db4bb14354b4fd8cc200d1')",Replace Anonymous With Lambda,hydra-main/src/main/java/com/addthis/hydra/job/spawn/balancer/SpawnBalancer.java@com.addthis.hydra.job.spawn.balancer.SpawnBalancer.SpawnBalancer.newGauge.new Gauge<Long>,hydra-main/src/main/java/com/addthis/hydra/job/spawn/balancer/SpawnBalancer.java@() -> avgDiskFreeDiff,"[BlameRes(sha1='80f4e3a2c4465503dc281628a325991b84c96617', oline='150', file_name='hydra-main/src/main/java/com/addthis/hydra/job/spawn/balancer/SpawnBalancer.java')]",G,
hydra,3,"('64583d76d2b2ef7ee484038f2f262c2621ee0b7a', '9ff858117559e7f21bd90a30b1872a09a2a7bc68', '71edd85fcaefb313b7b79fcf35f703cc8ecb3b60')",Add Method Annotation,hydra-main/src/main/java/com/addthis/hydra/job/spawn/balancer/SpawnBalancer.java@private findActiveJobIDs() : Set<String>,hydra-main/src/main/java/com/addthis/hydra/job/spawn/balancer/SpawnBalancer.java@@VisibleForTesting,"[BlameRes(sha1='bba6195275d80e2521a18a5c9a77ff04be50b1f6', oline='865', file_name='hydra-main/src/main/java/com/addthis/hydra/job/spawn/balancer/SpawnBalancer.java')]",C: Rename Metohd + Change Method Access Modifier,not explicit
hydra,4,"('8a2c51b8b50cbfdfe7caaca43e62663a428f1161', 'dcfa0da1d2d9cfc0b2fe948ac73f80f8fddc6b26', 'fa8045e323fd89ae3dbcb88807ea5a9974edad76', '901b560384341913d7db1621e49306214d56c119')",Move Method,"hydra-main/src/main/java/com/addthis/hydra/job/minion/Minion.java@private getTaskBaseDir(baseDir String, id String, node int) : String","hydra-main/src/main/java/com/addthis/hydra/job/minion/ProcessUtils.java@package getTaskBaseDir(baseDir String, id String, node int) : String","[BlameRes(sha1='3c8c4db6a3b01c318b887d5786e5a588077b8f27', oline='831', file_name='hydra-main/src/main/java/com/addthis/hydra/job/Minion.java')]",G,explicit: C4
hydra,5,"('6ff2f2c7e6a20b68e7df1475db76e3e572f7382a', 'a7bc9576289687f261b14abad3fd50beee7df1f7', 'cc3eb0998453a55f75337d6ccc1cc7a8ed00b410', 'cde6cc6dfff0772d60786a3e2da30ad172e6e996', '4390e0d059c3c10e035ccfaa8c4d781e5a8c3e83')",Extract Class,hydra-main/src/main/java/com/addthis/hydra/query/web/OutputDelimited.java@com.addthis.hydra.query.web.OutputDelimited,hydra-main/src/main/java/com/addthis/hydra/query/web/OutputDelimited.java@com.addthis.hydra.query.web.OutputDelimited,"[BlameRes(sha1='f92df5b441ee83fe5a44cbf1954ab2f500f49bd9', oline='14', file_name='hydra-main/src/main/java/com/addthis/hydra/query/web/OutputDelimited.java')]",G,not explicit
PocketHub,2,"('60a511821b208becd65d22a47146231b48b10f69', '2e461878448196c9d0387819b52baa0751aaf406')",Move And Rename Class,app/src/main/java/com/github/mobile/ui/RefreshRepsitoryTask.java@com.github.mobile.ui.RefreshRepsitoryTask,app/src/main/java/com/github/mobile/ui/repo/RefreshRepositoryTask.java@com.github.mobile.ui.repo.RefreshRepositoryTask,"[BlameRes(sha1='57f1cc3fb2ece01741b748c6e936d608a7ca4958', oline='12', file_name='app/src/main/java/com/github/mobile/ui/RefreshRepsitoryTask.java')]",C: Move Method Class + Rename Class,not explicit
PocketHub,3,"('1a3da6e18e887f08754a5fd50804d1396a9b887c', '4bdad4ce2377d6039bef59d1abc3950b3404852f', '5976fc2c62614f20cbfc1b606983beef508219c3')",Rename Attribute,app/src/main/java/com/github/mobile/ui/issue/LabelDrawableSpan.java@borderColor : int,app/src/main/java/com/github/mobile/ui/issue/LabelDrawableSpan.java@textColor : int,"[BlameRes(sha1='1c378b38298df14f40ceb34aec6b22c95bbe7b08', oline='64', file_name='app/src/main/java/com/github/mobile/ui/issue/LabelDrawableSpan.java')]",G,not explicit
PocketHub,4,"('ec9c11a097beade0a09527f2e516f055bdd670a0', 'e9683b8c16a76966e9c81f855db5a70346f7a2fe', 'fca77cbfdfc18191e0d64e6a90f5eea550c7044d', '035abe51e6e1111c8ff080ceb1c71ab005e12097')",Move Class,app/src/main/java/com/github/mobile/android/issue/DashboardIssueFragment.java@com.github.mobile.android.issue.DashboardIssueFragment,app/src/main/java/com/github/mobile/android/ui/issue/DashboardIssueFragment.java@com.github.mobile.android.ui.issue.DashboardIssueFragment,"[BlameRes(sha1='7ab73d53a0d68795739502e2f59d6596f7253d01', oline='24', file_name='app/src/main/java/com/github/mobile/android/issue/DashboardIssueFragment.java')]",G,not explicit
PocketHub,5,"('acc974e9694a277888f83506a80f166192f10473', '7d667ccdea3fab4ac33bd243e99e07e7ea35d153', 'b11ed7faa630dc840bcee3a29a800a41d363f2f9', '5efe73bb23d369e3e892f3fbcc0c7fec36170fbd', 'b2b21ce21a37df3f435a57498455d7d37bec4577')",Add Parameter Annotation,app/src/main/java/com/github/pockethub/android/ui/BaseActivity.java@savedInstanceState : Bundle,app/src/main/java/com/github/pockethub/android/ui/BaseActivity.java@@Nullable,"[BlameRes(sha1='5250ea85b31869331e19e2631912af027b6a7c4f', oline='15', file_name='app/src/main/java/com/github/mobile/ui/BaseActivity.java')]",G,not explicit
xabber-android,2,"('9d167ef29c92ba93aae1a4d2f36b2bd1fde92736', '47ec3be50fe7254d41e11cd173fb873c1b6bf622')",Rename Method,xabber/src/main/java/com/xabber/android/data/notification/NotifManagerCompat.java@public getChatId() : int,xabber/src/main/java/com/xabber/android/data/notification/MessageNotificationManager.java@public getNotificationId() : int,"[BlameRes(sha1='9130e1129af38e7a2e3913272281ac747c33bb97', oline='325', file_name='xabber/src/main/java/com/xabber/android/data/notification/NotifManagerCompat.java')]",G,explicit: C1
xabber-android,3,"('e15fff3958f852c46951b86d0a7d422d2556aa71', '19b8ac43838063a9929a1963f300eb547c7047ee', 'd0b73cf88dabce72cc1ee8177b85e4400d2f397b')",Extract Interface,xabber/src/main/java/com/xabber/android/ui/activity/XabberAccountInfoActivity.java@com.xabber.android.ui.activity.XabberAccountInfoActivity,xabber/src/main/java/com/xabber/android/ui/activity/XabberAccountActivity.java@com.xabber.android.ui.activity.XabberAccountActivity,"[BlameRes(sha1='186ba58fed6b4b506626418cd9f4db0716a09380', oline='44', file_name='xabber/src/main/java/com/xabber/android/ui/activity/XabberAccountInfoActivity.java')]",G,not explicit
xabber-android,4,"('ceb34ee64296fa9968380b703d441d68ca73d504', '75bdfa5d361030c18fd003bac5ce27aa7677338e', 'b299c5bb1a84feefa776631e0b471558e33e943f', 'ca95682a595eb00e9638bac353be82ffd21e2c85')",Move And Rename Method,xabber/src/main/java/com/xabber/android/data/notification/MessageNotificationManager.java@private createGroupContentIntent() : PendingIntent,xabber/src/main/java/com/xabber/android/data/notification/NewMessageNotifCreator.java@private createBundleContentIntent() : PendingIntent,"[BlameRes(sha1='96f394af7f0eee98568d4cb672c8653a083dcc4f', oline='418', file_name='xabber/src/main/java/com/xabber/android/data/notification/MessageNotificationManager.java')]",C: Move Method + Rename Method,explicit: C1
xabber-android,5,"('45f9f4e10d3e7aa56e6f6488039edc9d4ec1acc5', '79f062af00b19902f870ed9f8425795da64ac9cc', '0300225a61aa1c5b5dc829b23602c12deba2f66a', '1d566ad00e3558aa16b85dc3ac2afe4086b8b853', 'ed63b71dc1f5ec2c51b77162925c5d62ae15ea74')",Extract Class,xabber/src/main/java/com/xabber/android/ui/activity/AccountActivity.java@com.xabber.android.ui.activity.AccountActivity,xabber/src/main/java/com/xabber/android/ui/activity/AccountActivity.java@com.xabber.android.ui.activity.AccountActivity,"[BlameRes(sha1='6682a92b2bae003516db695b15b6d9552ce26709', oline='36', file_name='xabber/src/main/java/com/xabber/android/ui/activity/AccountActivity.java')]",G,explicit: C3
zuul,2,"('6893d5fec84abb9581998b48e227793361a57302', '03712c383c0be149effd3a68cf0debd9c027a081')",Move And Rename Class,zuul-guice/src/test/java/com/netflix/zuul/guice/BaseInjectionTest.java@com.netflix.zuul.guice.BaseInjectionTest,zuul-guice/src/test/java/com/netflix/zuul/BaseInjectionIntegTest.java@com.netflix.zuul.BaseInjectionIntegTest,"[BlameRes(sha1='a2284520192c1db1486159ed46d97a3b54d31276', oline='21', file_name='zuul-guice/src/test/java/com/netflix/zuul/guice/BaseInjectionTest.java')]",G,not explicit
zuul,3,"('f8ee2a206e6b97a39b25281b0a6b98dcd63b6ffa', 'f73b86d325f11deb15ef923bf58c5d60821ee938', '47b7edc48fad2da9628d13e52d37f0a3213e76d2')",Change Method Access Modifier,"zuul-core/src/main/java/com/netflix/zuul/FilterProcessor.java@public processZuulFilter(ctx SessionContext, filter ZuulFilter) : SessionContext","zuul-core/src/main/java/com/netflix/zuul/FilterProcessor.java@protected processFilterWithSyncType(input Observable<SessionContext>, filter ZuulFilter, additionalShouldFilter ShouldFilter, syncType String) : Observable<SessionContext>","[BlameRes(sha1='1240ebc83afd39e7dbc8f654a60b9f3df4c34144', oline='104', file_name='zuul-core/src/main/java/com/netflix/zuul/FilterProcessor.java')]",C: Change Method Access Modifier + Rename Method + Add Parameter,not explicit
zuul,4,"('df6aba2488383539cb75ed014288a51cf741060f', '227eb7eea762ab4364d28a9ccd91bf2afe97f6bd', '577e1087fb603504c375c0643688f62eae9318e4', '465a450e94c8e8d266a3364f8949b0dae35fc173')",Rename Parameter,"zuul-core/src/main/java/com/netflix/zuul/ExperimentalFilterProcessor2.java@defaultFilterResultChooser : Func1<ZuulMessage,ZuulMessage>",zuul-core/src/main/java/com/netflix/zuul/FilterProcessorImpl.java@shouldSendErrorResponse : boolean,"[BlameRes(sha1='8a4941e64e795af76cbf3884adcdbcf2e32ccc84', oline='66', file_name='zuul-core/src/main/java/com/netflix/zuul/ExperimentalFilterProcessor2.java')]",C: Add parameter + Remove Parameter,not explicit
zuul,5,"('9c6ed6d0b95b0293bc978c7f31832e1cef6179ee', '79163dbfb5e4e38a95678a3295255cb52be86139', '487191370c5e3f55091d3a28de0e364a7e31fc19', 'dd3ee6b4cbbf10324ffbce70e93e2f0c582a5132', '8f32886acb124a233762f43191f5040c28518c9c')",Rename Method,zuul-core/src/main/java/com/netflix/zuul/context/Attributes.java@public setShouldProxy(bSend boolean) : void,zuul-core/src/main/java/com/netflix/zuul/context/Attributes.java@public setErrorResponseSent(should boolean) : void,"[BlameRes(sha1='47b7edc48fad2da9628d13e52d37f0a3213e76d2', oline='136', file_name='zuul-core/src/main/java/com/netflix/zuul/context/Attributes.java')]",G,not explicit
RoboBinding,2,"('5c0dd53d51815f913e3d10adbcc54cd88e8e33bb', '27009c1ca98fd99e61bbfbf29daddb3819bb6df4')",Extract Method,framework/src/main/java/org/robobinding/widget/adapterview/DataSetAdapterBuilder.java@public setItemLayoutId(itemLayoutId int) : void,framework/src/main/java/org/robobinding/widget/adapterview/DataSetAdapterBuilder.java@public setItemLayoutIds(itemLayoutIds List<Integer>) : void,"[BlameRes(sha1='5a9b5f7fbeed9fed3ce1307d63323a0117982786', oline='27', file_name='framework/src/main/java/org/robobinding/widget/adapterview/DataSetAdapterBuilder.java')]",G,explicit: C1
RoboBinding,3,"('329423c79a400f9f4db523fab5ab68903f0638a6', 'e37d90e94c64a05fcf9ddd79c7a698e814fbd0bc', 'd4dff54b4e7235fea74635e118a61863626aebd1')",Move And Rename Class,framework/src/test/java/org/robobinding/viewattribute/impl/ViewListenersProviderTest.java@org.robobinding.viewattribute.impl.ViewListenersProviderTest.ViewListenersAwareAttribute,framework/src/test/java/org/robobinding/widgetaddon/ViewAddOnInjectorTest.java@org.robobinding.widgetaddon.ViewAddOnInjectorTest.ViewAddOnAwareAttribute,"[BlameRes(sha1='5a9b5f7fbeed9fed3ce1307d63323a0117982786', oline='80', file_name='framework/src/test/java/org/robobinding/viewattribute/impl/ViewListenersProviderTest.java')]",G,not explicit
RoboBinding,4,"('00fd9ea060053f4985f4bc7a6dc5f63f08e36122', '708d61b23be1ef6786b366af7a18437187d0ed18', '17c5a6c07712611bd4b26132944267dfdad964ba', 'c282a0cd3ff1f4cf21ad08804cedb6ca2b653994')",Change Parameter Type,robobinding/src/main/java/org/robobinding/viewattribute/AbstractGroupedViewAttribute.java@childAttribute : CustomChildAttribute,robobinding/src/main/java/org/robobinding/viewattribute/AbstractGroupedViewAttribute.java@childAttribute : ChildAttribute,"[BlameRes(sha1='6f70f37a4b470111c9475b1e4c5adf15c826cef6', oline='85', file_name='robobinding/src/main/java/org/robobinding/viewattribute/AbstractGroupedViewAttribute.java')]",C: Change Parameter Type + Change Parameter Type,not explicit
RoboBinding,5,"('1b5258eb65e9657be88d8d03681976d2fd498b3c', '8680121676f17fc6c767442f98e82096daba8800', '2c9ec3ebb41be6fc73d1d3c4327149e9a770461f', '30d38d3808d6368ee06d2e13633f03fded7d4357', '993bddd73df753de358923938c8d254b5fbde1ec')",Push Down Method,codegen/src/main/java/org/robobinding/codegen/PropertyInfo.java@public typeName() : String,codegen/src/main/java/org/robobinding/codegen/processor/PropertyInfoImpl.java@public typeName() : String,"[BlameRes(sha1='68c3488d59975b81659b0506d8bc038797455119', oline='16', file_name='codegen/src/main/java/org/robobinding/codegen/PropertyInfo.java')]",G,not explicit
rest.li,2,"('ba137ee06cfb151614573a1cd049a0c9fdbbe1c5', '7dda8aa96d06c2ca9e800ac4e181e668fa0ac49b')",Change Parameter Type,d2/src/test/java/com/linkedin/d2/discovery/stores/mock/MockStore.java@shutdown : PropertyEventShutdownCallback,d2/src/test/java/com/linkedin/d2/discovery/stores/mock/MockStore.java@shutdown : Callback<None>,"[BlameRes(sha1='b14c3f4a081294107eccda66e27ddd46a0c2c38e', oline='89', file_name='d2/src/test/java/com/linkedin/d2/discovery/stores/mock/MockStore.java')]",G,not explicit
rest.li,3,"('14c09a3edc53b2c269509b2c94d79cb1c3b11809', '22daec94936780df8c80d009fd8cf064c4b9b83a', 'fbcb0df12ad19321bd7381751637c73761db11f8')",Extract Variable,generator/src/main/java/com/linkedin/pegasus/generator/JavaDataTemplateGenerator.java@,generator/src/main/java/com/linkedin/pegasus/generator/JavaDataTemplateGenerator.java@copyVar : JVar,"[BlameRes(sha1='510d2ae8e8781ae5d2815885c29f9d0b546f0448', oline='242', file_name='generator/src/main/java/com/linkedin/pegasus/generator/JavaDataTemplateGenerator.java')]",G,not explicit
rest.li,5,"('a9a4384d594796ab3dbd27dc736d9eb14474e549', 'f12e394c744f13ad5f366deba81d2336fe959991', 'e2291b6e0c49be9376b2b0df233274f6a67bb3e7', '9151574065b9627cce37c73ec5267e3719981809', 'bb282beda2658d9d993994e56422f922575abf9e')",Replace Attribute With Variable,restli-server/src/test/java/com/linkedin/restli/internal/server/response/TestRestLiCallback.java@_twoFilterChain : RestLiFilterChain,restli-server/src/test/java/com/linkedin/restli/internal/server/response/TestRestLiCallback.java@filterChainCallback : FilterChainCallback,"[BlameRes(sha1='0473a93dcf6d39577576fa003ffa7068227acbcb', oline='110', file_name='restli-server/src/test/java/com/linkedin/restli/internal/server/TestRestLiCallback.java')]",G,not explicit
retrolambda,2,"('ef0cb3aaf0d0a684ab27de714c3ff82a5f6e430d', '4e28d90e2e83adff6c9eec43cd21a85f5d9c8e9a')",Change Type Declaration Kind,retrolambda/src/main/java/net/orfjackal/retrolambda/Config.java@net.orfjackal.retrolambda.Config,retrolambda/src/main/java/net/orfjackal/retrolambda/Config.java@net.orfjackal.retrolambda.Config,"[BlameRes(sha1='310ccb673d6751964129c405f6ba9e992dba4aed', oline='7', file_name='retrolambda/src/main/java/net/orfjackal/retrolambda/Config.java')]",C: Move and Rename Class + Extract Interface,Yes: C4
retrolambda,3,"('15996e31e4202b00ac592dede3d657df23bee062', '88c682827465e2ae0878d31aae208923055b0408', '437009d5aada11ff56641d88183a7a19e8fd9ef1')",Extract Method,end-to-end-tests/src/test/java/net/orfjackal/retrolambda/test/LambdaClassesTest.java@private getDeclaredMethodNames(clazz Class<?>) : Set<String>,end-to-end-tests/src/test/java/net/orfjackal/retrolambda/test/LambdaClassesTest.java@private getMethodsNames(clazz Class<?>) : Set<String>,"[BlameRes(sha1='320c730cfdb502ebe09707760652fb36acfa035f', oline='91', file_name='end-to-end-tests/src/test/java/net/orfjackal/retrolambda/test/LambdaClassesTest.java')]",X,
retrolambda,3,"('76f713e9f2bbaf7b84b178f29104f03f87712953', 'ed529511f3c78151df4dfb4eb9f75dce7b1ee1c8', '2dbd804bee9edcb3e77bea2c294b06679c827012')",Split Parameter,retrolambda/src/main/java/net/orfjackal/retrolambda/LambdaClassSaver.java@outputDir : Path,retrolambda/src/main/java/net/orfjackal/retrolambda/LambdaClassSaver.java@saver : ClassSaver,"[BlameRes(sha1='6ee141a3dbd075517f4deae4ea4c2136706284f4', oline='11', file_name='retrolambda/src/main/java/net/orfjackal/retrolambda/LambdaClassSaver.java')]",G,Not explicit
retrolambda,4,"('2dbd804bee9edcb3e77bea2c294b06679c827012', '151a36c8753ea5f94004aa81516337e1fce372a3', '95fbf37c316ec3a1b48d1a15b9ad78e6066603df', '160e754ebc08c2b8cd69fd80bb2a22615e8c769a')",Extract Variable,retrolambda/src/main/java/net/orfjackal/retrolambda/Retrolambda.java@,retrolambda/src/main/java/net/orfjackal/retrolambda/Retrolambda.java@saver : ClassSaver,"[BlameRes(sha1='6ee141a3dbd075517f4deae4ea4c2136706284f4', oline='32', file_name='retrolambda/src/main/java/net/orfjackal/retrolambda/Retrolambda.java')]",G,Not explicit
mbassador,2,"('b1d8782ee9b3bad008e6270eb7886093f0f66c71', '8ec0e3c2979c66610a913b61aab7624230a01f63')",Move And Rename Class,src/main/java/net/engio/mbassy/dispatch/MessagingContext.java@net.engio.mbassy.dispatch.MessagingContext,src/main/java/net/engio/mbassy/subscription/SubscriptionContext.java@net.engio.mbassy.subscription.SubscriptionContext,"[BlameRes(sha1='758fc362242e7ca16c9a919b8bb10457bb5dfff0', oline='6', file_name='src/main/java/org/mbassy/dispatch/MessagingContext.java')]",C: Move Class + Rename Class,Not explicitly
mbassador,3,"('3409f92b86c7606706b4920dd5ed7f47be484959', 'a989f6e28d4b78379785f33c841fc15a0f52d8cf', '34e07c1db2d839065430364b82844714d8646242')",Move Class,src/main/java/org/mbassy/MBassador.java@org.mbassy.MBassador.Subscription,src/main/java/org/mbassy/subscription/Subscription.java@org.mbassy.subscription.Subscription,"[BlameRes(sha1='5ae50093ad63dd5bf3d8b0baf8314fc1153646c7', oline='268', file_name='src/main/java/org/mbassy/MBassador.java')]",G,Not explicitly
mbassador,4,"('758fc362242e7ca16c9a919b8bb10457bb5dfff0', 'fe4a17752ceab6aa9c870887dc55d209f596fdc4', 'bb72e950874def640f52ca8dee99e0d1d507d6d7', '0a0dc8eda1051c5ccc3a4ae6c1351998cf4c9eec')",Modify Method Annotation,"src/test/java/org/mbassy/MBassadorTest.java@@Listener(priority = 10, dispatch = Mode.Synchronous, filters = {@Filter(MessageFilter.None.class),@Filter(MessageFilter.All.class)})","src/test/java/org/mbassy/listeners/EventingTestBean.java@@Listener(priority = 10, dispatch = Mode.Synchronous, filters = {@Filter(IMessageFilter.None.class),@Filter(IMessageFilter.All.class)})","[BlameRes(sha1='3409f92b86c7606706b4920dd5ed7f47be484959', oline='188', file_name='src/test/java/org/mbassy/MBassadorTest.java')]",C: Move Class +Modify Method Annotation,Not explicitly
mbassador,5,"('3afe92eb662c57f362882df54c107ef0894c35c9', '80a451c3b52d97953161d35a9b757a247d7f9011', '6b895c2cdc074f282f44b3c8835770207b0c80f8', '8d4c4442a4b8167510ee01969f0fc53ef2f8f468', 'be6d84bffbbf13ee38f4a92c3e69a3403d97ec70')",Extract Superclass,src/test/java/org/mbassy/MetadataReaderTest.java@org.mbassy.MetadataReaderTest.EventListener3,src/test/java/net/engio/mbassy/MetadataReaderTest.java@net.engio.mbassy.MetadataReaderTest.EventListener3,"[BlameRes(sha1='0917128980ca43252809070a69f4da3bf56ee820', oline='127', file_name='src/test/java/org/mbassy/MetadataReaderTest.java')]",C: Move Class + Add Method Annotation,Not explicitly
javapoet,3,"('4abdcb67702047de9e8cde306a79ad0c9d4a2877', 'c4c105f2cf5536ee4f9756a82c6f4af303fbf442', '7f3ac27d7369f263a583f275bf6ecdaa601815d2')",Pull Up Attribute,compiler/src/main/java/dagger/internal/codegen/writer/InterfaceWriter.java@private nestedTypeWriters : List<TypeWriter>,compiler/src/main/java/dagger/internal/codegen/writer/TypeWriter.java@package nestedTypeWriters : List<TypeWriter>,"[BlameRes(sha1='fc37c03bfdd97b12fd5f95e22b433d4d83a683a7', oline='15', file_name='compiler/src/main/java/dagger/internal/codegen/writer/InterfaceWriter.java')]",G,Not expllicitly
javapoet,5,"('838c38dfd1732c5d7022176f7c2a34faf9c24e02', '8ecd4aaa510622230f7ee5fd876027e7de48e9c4', '5cbd956726291293cb507de56ad673669cd9e994', 'e0893f5759a5d6fe83847d869a3978a4b5ff53ab', '26c62c91f4ab60bf33bc1337c4b7705a9b114494')",Pull Up Attribute,compiler/src/main/java/dagger/internal/codegen/writer/InterfaceWriter.java@private methodWriters : List<MethodWriter>,compiler/src/main/java/dagger/internal/codegen/writer/TypeWriter.java@package methodWriters : List<MethodWriter>,"[BlameRes(sha1='fc37c03bfdd97b12fd5f95e22b433d4d83a683a7', oline='14', file_name='compiler/src/main/java/dagger/internal/codegen/writer/InterfaceWriter.java')]",G,Not expllicitly
blueflood,2,"('69e36b1b47d4152fd9c4b8ac93861857391c613d', 'cf7e92d7d35d95307e3c81582d88d2fc7dc81a37')",Add Attribute Modifier,blueflood-elasticsearch/src/test/java/com/rackspacecloud/blueflood/io/BaseElasticTest.java@protected esSetup : EsSetup,blueflood-elasticsearch/src/test/java/com/rackspacecloud/blueflood/io/BaseElasticTest.java@protected esSetup : EsSetup,"[BlameRes(sha1='c719718fd9de9fb237a32f5fdfaac904fb65a946', oline='26', file_name='blueflood-elasticsearch/src/test/java/com/rackspacecloud/blueflood/io/BaseElasticTest.java')]",G,not explicit
blueflood,3,"('47ace5d07331afbbc1421c8927ce3a999b60c38d', 'a40a60b3d3a8f9885111b355c4697888a8c396ed', 'ad41402b31247fbac954a42d2a72ea1dbf309368')",Move Method,blueflood-core/src/test/java/com/rackspacecloud/blueflood/rollup/UtilTest.java@public testGranularityFromStateCol() : void,blueflood-core/src/test/java/com/rackspacecloud/blueflood/io/serializers/SlotStateSerializerTest.java@public testGranularityFromStateCol() : void,"[BlameRes(sha1='7bcc8393c29c03e40dd461c3ec264d0a57d8b49a', oline='67', file_name='blueflood-core/src/test/java/com/rackspacecloud/blueflood/rollup/UtilTest.java')]",G,not explicit
blueflood,4,"('3fa7167c3b29bd204a9192acb31847d54804555a', 'b842b7cae2d613e454fb35357d2567212e597af8', 'b7e02eda040c6e3028083709d079d2b8f77a8a25', 'a4efc375a0aeb0ef1a11170d91c2d3b8a8377aee')",Move And Rename Method,blueflood-core/src/test/java/com/rackspacecloud/blueflood/inputs/processors/TokenDiscoveryWriterTest.java@public testGetTokens() : void,blueflood-core/src/test/java/com/rackspacecloud/blueflood/types/TokenTest.java@public testGetTokensHappyCase() : void,"[BlameRes(sha1='af8298215c5ce55997afbfd2799bff6023caf346', oline='37', file_name='blueflood-core/src/test/java/com/rackspacecloud/blueflood/inputs/processors/TokenDiscoveryWriterTest.java')]",C: Move Method + Rename Method,not explicit
blueflood,5,"('4ebd46a3afc3016d1dc6d9753a6e8a1055036227', '32172a199b19a6be9659cbad0f91736c51ace2f4', 'ced7e6ee8cd4074a4ccd7d1c11d278d416f5d7ae', 'cf9f4ad41f39537989eaea67d37297cf16571c2b', '288b14a4cc08af72335f9337a9778893c62d01df')",Rename Variable,blueflood-core/src/main/java/com/rackspacecloud/blueflood/io/AstyanaxReader.java@points : Points<T>,blueflood-core/src/main/java/com/rackspacecloud/blueflood/io/AstyanaxReader.java@pointsEnum : Points<T>,"[BlameRes(sha1='099f414598e62aa4e20e9b9f6b4ca0164dff54b0', oline='197', file_name='blueflood-core/src/main/java/com/rackspacecloud/blueflood/io/AstyanaxReader.java')]",G,not explicit
JGroups,2,"('99c7b506bc9389bef3a075de78c7846b958540af', 'e6a3aa7d75a94af5b7663380e0927cdd5cfc8161')",Rename Attribute,src/org/jgroups/protocols/SSL_KEY_EXCHANGE.java@ssl_ctx : SSLContext,src/org/jgroups/protocols/SSL_KEY_EXCHANGE.java@client_ssl_ctx : SSLContext,"[BlameRes(sha1='6538a73d72f94f0199a685c24ddf56dc7668a1f0', oline='89', file_name='src/org/jgroups/protocols/SSL_KEY_EXCHANGE.java')]",G,
JGroups,3,"('970f6b5de2a80cdfb71bb6f06437de5acafd1dc9', 'e9247ea4e2a5d0356d814ed0f976246a62bd222d', 'fd5a0b7d9c5f7f57c4b0c766b1f90d544dc4cde1')",Rename Attribute,src/org/jgroups/Event.java@RETRANSMIT : int,src/org/jgroups/Event.java@FORWARD_TO_COORD : int,"[BlameRes(sha1='11e73ecb6ac311d93d45b37f62eb864c892a5b3e', oline='55', file_name='src/org/jgroups/Event.java')]",G,not explicit
JGroups,4,"('a85139e2715f4c4ad4aa7f6fdc709fa3d4ed08b7', 'a19709cd2a8c0fb20859d21d57048023d41bf721', '06efefc38ab99c32fac8b68bf0db4952e12cc403', 'cb6c46bc98ace84f8842463246e08a2bdb176d35')",Add Method Annotation,src/org/jgroups/protocols/FD.java@public getLocalAddress() : String,"src/org/jgroups/protocols/TP.java@@ManagedOperation(description = ""Print the local addresses of this host"")","[BlameRes(sha1='83244923a875a165b215d2a92bf74b7a7125059b', oline='69', file_name='src/org/jgroups/protocols/FD.java')]",G,not explicit
JGroups,5,"('ff5663debaa2df4bea21d6255af3474d72345485', '1a45dca656ebd53b6c245971336a4fb946355d0d', 'b852d218ea0cc55026d44766670abe585090fbaf', '3b9fa00c96c5c5582e52b568e7fc2a910af0dcf5', '0ee2c5725c0a9b4b6ad35180cf6419a350de70d8')",Push Down Method,src/org/jgroups/protocols/TP.java@public diagTcpEnabled() : boolean,src/org/jgroups/protocols/BasicTCP.java@public logDetails() : boolean,"[BlameRes(sha1='4903eb3101b9e662bc1df52d46fda33a063e4a41', oline='702', file_name='src/org/jgroups/protocols/TP.java')]",G,not explicit
morphia,2,"('77e81eca9ac40140d3d59f37b71db27e1d32130d', '204ba784bba5218cb64997fcb5fd3741cd9647a5')",Move Attribute,core/src/main/java/dev/morphia/mapping/Mapper.java@private options : MapperOptions,core/src/main/java/dev/morphia/config/MapperOptionsWrapper.java@private options : MapperOptions,"[BlameRes(sha1='0ed704aad3a6d4e96562ad8ae528af56acc109d8', oline='61', file_name='morphia/src/main/java/dev/morphia/mapping/Mapper.java')]",G,explicit: C2
morphia,3,"('d34e44b1c8cede14f9b3e5f24876ab3020f03146', 'f31567b8ccb24eb536ce26be8ba715cd22392ce1', '2ef34edc95240bcbdae3106a7a59ab04a0f3f64e')",Move And Rename Class,morphia/src/main/java/dev/morphia/mapping/codec/BooleanArrayCodec.java@dev.morphia.mapping.codec.BooleanArrayCodec,morphia/src/main/java/dev/morphia/query/CriteriaContainerCodec.java@dev.morphia.query.CriteriaContainerCodec,"[BlameRes(sha1='c3798c706301edabf6275f37f4b6eb90118de0f1', oline='14', file_name='morphia/src/main/java/dev/morphia/mapping/codec/BooleanArrayCodec.java')]",G,not explicit
morphia,4,"('675d21926680a0a0f0fb2b75b71f979dd21fcf1f', '89fd00b78887f1993c2bfb06fd545faba77aae22', '7bd78d9f23ebc6b3815d85d7e9b3e70d57ffd658', '3d0dade53e18b8bcd9dfb8812867d61b1ac844e3')",Move Method,legacy-tests/src/test/java/dev/morphia/mapping/lazy/TestLazySingleReference.java@public setFoo(string String) : void,core/src/test/java/dev/morphia/test/mapping/experimental/TestReferences.java@public setFoo(string String) : void,"[BlameRes(sha1='32686a60692340c2b2f6e8b99e480e6a3ba70604', oline='159', file_name='legacy-tests/src/test/java/dev/morphia/mapping/lazy/TestLazySingleReference.java')]",G,explicit: C1
morphia,5,"('5616eb595da41c7f981aa5437dbca15122d141c1', '2036a081147009f417cd2da1c61a8b2bdedc06f0', '2115a336bcc1a6345a9c8852a5685bf4965a41de', 'c892ed053bacd6dfffb59abfd8b1a5960ba908b4', 'd3d1ebbd18ed3399393c976712c59b292c02ede6')",Change Return Type,morphia/src/main/java/dev/morphia/mapping/experimental/CollectionReference.java@List<Object>,morphia/src/main/java/dev/morphia/mapping/experimental/CollectionReference.java@List,"[BlameRes(sha1='1b71401e8508b40492bd4c1432b261c7c89a68f9', oline='74', file_name='morphia/src/main/java/dev/morphia/mapping/experimental/CollectionReference.java')]",G,not explicit
redisson,2,"('263974726602aea47265eff9a5a672fbdab00c0b', '3f649e2ac8e66fe790ada9ae4d7d4f6cdb4b6725')",Pull Up Method,"redisson/src/main/java/org/redisson/RedissonRemoteService.java@private getBlockingQueue(name String, codec Codec) : RBlockingQueue<V>","redisson/src/main/java/org/redisson/remote/BaseRemoteService.java@protected getBlockingQueue(name String, codec Codec) : RBlockingQueue<V>","[BlameRes(sha1='e77400ba5d140232dd457a22c938ec92a448233a', oline='131', file_name='redisson/src/main/java/org/redisson/RedissonRemoteService.java')]",G,explicit: C1
redisson,3,"('294fa0a76766e90139dcdd2ea7035eb0bec0575e', '45e7feff3ac003b0c4367248cf8943a55dd8ac69', '74a4bd4d874cef6c1047a7ce97adca70350021f4')",Change Variable Type,redisson/src/main/java/org/redisson/RedissonExecutorService.java@remoteService : ExecutorRemoteService,redisson/src/main/java/org/redisson/RedissonExecutorService.java@executorRemoteService : TasksService,"[BlameRes(sha1='047f9f6803d7954717d81269e078558225784ea2', oline='87', file_name='src/main/java/org/redisson/RedissonExecutorService.java')]",G,not explicit
redisson,4,"('67b891f3a1e1d08f39f5e1ad1a5310912fdc8d97', '3ac85db14ae1e2fb3b425c99732d2c1ddf4f039c', '2d3860be260a1c4de6cee8909b1d8dc262fe3347', 'd7d1d9d02f76c5b359f424e7465fc65aac94b6ca')",Split Attribute,redisson/src/main/java/org/redisson/transaction/operation/TouchOperation.java@lockName : String,redisson/src/main/java/org/redisson/transaction/operation/TouchOperation.java@transactionId : String,"[BlameRes(sha1='9cf5c91c015484dc784d0471ddcf48f0244c631a', oline='10', file_name='redisson/src/main/java/org/redisson/transaction/operation/TouchOperation.java')]",G,not expli
redisson,5,"('fcce0cddeda2d1af959587c70a7d1557abb152d9', 'a5a3a3edfec7fa8ba79cd6a24942bb50a7bd5e57', '996c08c75afb247e74eadee7f2c47d3fab329b20', '2eec67a29bcec712a8fe2c9fa45e87fe5e0f2ce8', '8d62201fd039211bdc90d0bf1f30e98929a3b5ee')",Pull Up Method,redisson/src/main/java/org/redisson/reactive/RedissonListMultimapReactive.java@public size() : Publisher<Integer>,redisson/src/main/java/org/redisson/reactive/RedissonBaseMultimapReactive.java@public size() : Publisher<Integer>,"[BlameRes(sha1='18d348112da3e2668e904ada4f71c9ceb649392a', oline='40', file_name='redisson/src/main/java/org/redisson/reactive/RedissonListMultimapReactive.java')]",G,explicit: C1
truth,2,"('10b58cd64b0d196d99f2bdfa977f68de9c52cf41', '72f486dbcd9b6e6fad714aca908b892e7c61080f')",Move Method,core/src/test/java/org/truth0/subjects/ObjectArraySubjectTest.java@public compressType_JavaLang() : void,core/src/test/java/org/truth0/subjects/AbstractArraySubjectTest.java@public compressType_JavaLang() : void,"[BlameRes(sha1='2f7bbb3d86471b3c3133e58dc5191c7c4227150b', oline='124', file_name='core/src/test/java/org/truth0/subjects/ObjectArraySubjectTest.java')]",G,explicit: c3
truth,3,"('7adbe580ca6e02da60b095a5ad94007b7c8a6cbd', '98510e30b1d3535c2ce5e52b741580d7e39aa5c7', '24ee3f4c518533c1f8be80759d8a65143f1747fe')",Rename Method,"core/src/test/java/com/google/common/truth/DoubleTest.java@private assertThatNaNFailsWithin(tolerance double, expected double) : void",core/src/test/java/com/google/common/truth/DoubleTest.java@public isFinite() : void,"[BlameRes(sha1='cae4ff05e2fecb2a4ce8024c780d9ad8dde1f57a', oline='122', file_name='core/src/test/java/com/google/common/truth/DoubleTest.java')]",G,not explicit
truth,4,"('c3dbe43f6893eb599ea6b168eeb86d0c6085826b', '3d3a75c2fd412e551bdd78d41ae855020973d168', 'ed9ce66f1b6de0929258e223784e03ce7b0c30cb', '6a3d3706d26572a65962ada1a8a233f72fb2edfe')",Move And Rename Class,src/test/java/test/org/junit/contrib/truth/ExtensionTest.java@test.org.junit.contrib.truth.ExtensionTest,src/test/java/org/junit/contrib/truth/CollectionTest.java@org.junit.contrib.truth.CollectionTest,"[BlameRes(sha1='f1f4a569d73ef32eb19ee1b2373b41c54f37270d', oline='10', file_name='src/test/java/test/org/junit/contrib/truth/ExtensionTest.java')]",C: Move Class + Rename Class,explicit: c3
truth,5,"('ad1ab373bb2b23376a850a40893910256cc31bc4', '4553a53b1010c497736170939bfb58e5e0e9954e', '96d762b4b5917dbd515d00303cbfa516d3fdee26', '55da14b563b96c970daf4ce312f59fd5b9baa307', '0e14e8133e8ca16dac19799f506762737f18f3af')",Move Method,core/src/main/java/com/google/common/truth/Expect.java@public hashCode() : int,core/src/main/java/com/google/common/truth/MapSubject.java@public hashCode() : int,"[BlameRes(sha1='c5c9e9f1e01d64de63bdc0469c14cdadf2131566', oline='109', file_name='core/src/main/java/com/google/common/truth/Expect.java')]",G,not explicit
seyren,2,"('1110acbce0ed0b3a3274f31b41d2381c9116f167', 'fde48bc1270dc3af9b417514db679cb5c89889a1')",Merge Package,seyren-core/src/main/java/com/seyren/core/value/Email.java@com.seyren.core.value.Email,seyren-core/src/main/java/com/seyren/core/util/email/Email.java@com.seyren.core.util.email.Email,"[BlameRes(sha1='50ef037a8d9334e5985d0d5e91928a0cf0449edb', oline='3', file_name='graphite-siren-core/src/main/java/com/graphite/siren/core/value/Email.java')]",C: Move Class + Move Class + Merge Package,Not explicit
cascading,2,"('59996a6951b616b4fac5b343cd57ea7343474b93', '542c19e5e0973069b254593429450f172f06c944')",Rename Method,cascading-nested-json/src/main/java/cascading/nested/json/JSONCoercibleType.java@private write(value Object) : String,cascading-nested-json/src/main/java/cascading/nested/json/JSONCoercibleType.java@private textOrWrite(value JsonNode) : String,"[BlameRes(sha1='abb98da18c813b002b758c42c80a9d07999b2244', oline='130', file_name='cascading-nested-json/src/main/java/cascading/nested/json/JSONCoercibleType.java')]",G,not explicit
cascading,3,"('772b5fa5b983f45a5c1459625f3c091aae2ff092', 'c9efc2c8ffb19e026ae0f3aad43624a71699fcd6', 'ff9f2fe6ef2e840f2b49976956981be721609194')",Rename Method,"cascading-core/src/main/java/cascading/flow/planner/rule/RuleExec.java@private performNodePartitions(phase PlanPhase, partitionRuleNum int, plannerContext PlannerContext, elementGraph FlowElementGraph, stepSubGraphs List<ElementGraph>, priorResults Map<ElementGraph,List<ElementGraph>>, partitioner RulePartitioner) : Map<ElementGraph,List<ElementGraph>>","cascading-core/src/main/java/cascading/flow/planner/rule/RuleExec.java@private handleParentPartitioning(plannerContext PlannerContext, ruleResult RuleResult, phase PlanPhase, rule Rule, partitioner RulePartitioner) : void","[BlameRes(sha1='8bf95044ac61af231faabee72026e3e56828f2ab', oline='325', file_name='cascading-core/src/main/java/cascading/flow/planner/rule/RuleExec.java')]",G,not explicit
cascading,4,"('2672c9e052878228666773b2369411ab24ba6932', '77fc94656e449ab784372a707b0e8392fc91b973', '3a2bc93b3b69b0362512f1078002e9c87f9ba65a', '45a3907174ffb15c21751c1e67f1b434c436a67e')",Move And Rename Class,cascading-core/src/main/java/cascading/pipe/assembly/AggregateBy.java@cascading.pipe.assembly.AggregateBy.Flush,cascading-hadoop2-tez/src/main/java/cascading/stats/tez/TezNodeStats.java@cascading.stats.tez.TezNodeStats.Kind,"[BlameRes(sha1='f532f437f900129c2e4e2d86b8fd83cc55329929', oline='61', file_name='cascading-core/src/main/java/cascading/pipe/assembly/AggregateBy.java')]",G,not explicit
cascading,5,"('edcc2ca5b3743460f836e70831ca19644a113157', '6bc57c79d2795fca21badd54dbc832bfe69b4773', '85257e7842a5d45f18e6789ba5891d3877ed036b', '44a60773d1e8fa3c65ca4a66e2cdfd8effb730e1', '6113e6883a013d3d1020e3cea1d497687b5a050e')",Remove Thrown Exception Type,src/core/cascading/tap/TemplateTap.java@IOException,"src/hadoop/cascading/tap/hadoop/TemplateTap.java@public sourceConfInit(flowProcess HadoopFlowProcess, tap Tap, conf JobConf) : void","[BlameRes(sha1='60c53b24929ee56acd8114a84e0f31bdffbc9e25', oline='145', file_name='src/core/cascading/tap/TemplateTap.java')]",C: Move Method + RemoveMethod Annotation,not explicit
baasbox,2,"('90bbac06f9fd727654593d26dd1f52478f3f351b', 'bba3c5366e1633c61547b3b9f89db730787280a4')",Rename Attribute,app/com/baasbox/controllers/CustomHttpCode.java@PUSH_PROFILE_ARRAY_EXCEPTION : CustomHttpCode,app/com/baasbox/controllers/CustomHttpCode.java@PUSH_PROFILE_FORMAT_INVALID : CustomHttpCode,"[BlameRes(sha1='5867c2256604c6cdcba5c20946c3ca055c582ff9', oline='18', file_name='app/com/baasbox/controllers/CustomHttpCode.java')]",G,not explicit
baasbox,4,"('154b3741bb04ee5ab6a64872e8ba88dc5c85ce4d', 'b233ee3bece22ac044484a94f7569323cab3a2c0', '4376b6c37a6c5c84e30e42445a41876d90732dce', '378733cb3f3fd5b59d7e3a251263d1d511ee50a3')",Rename Class,app/com/baasbox/controllers/actions/filters/AdminLogin.java@com.baasbox.controllers.actions.filters.AdminLogin,app/com/baasbox/controllers/actions/filters/CheckAdminRoleFilter.java@com.baasbox.controllers.actions.filters.CheckAdminRoleFilter,"[BlameRes(sha1='87d3a6b08c427b2e864ca9f734ded9504151a7b7', oline='14', file_name='app/com/baasbox/controllers/actions/filters/AdminLogin.java')]",G,not explicit
HikariCP,2,"('b2ab057b37da197223712fb8ff8313e4b303770a', '6b155d0696db25bac1596c6fce5fc540ad59cd6d')",Rename Variable,src/main/java/com/zaxxer/hikari/pool/PoolElf.java@defaultLevel : int,src/main/java/com/zaxxer/hikari/pool/PoolElf.java@defaultTILevel : int,"[BlameRes(sha1='278af352922c0097844d363811ed4d41bab0983b', oline='165', file_name='src/main/java/com/zaxxer/hikari/pool/PoolElf.java')]",G,not explicit
HikariCP,3,"('3b908a4888dd93662866ad059b28580f46cf681a', 'cb642e027f06257af94d88f57331dae986f4047d', '2acf469601502f0670dfeb746b848597d5ef4039')",Move Attribute,src/test/java/com/zaxxer/hikari/metrics/prometheus/PrometheusMetricsTrackerTest.java@private collectorRegistry : CollectorRegistry,src/main/java/com/zaxxer/hikari/metrics/prometheus/PrometheusHistogramMetricsTrackerFactory.java@private collectorRegistry : CollectorRegistry,"[BlameRes(sha1='02aa10bb6f09bd1030ea749b375d85d1a31f7949', oline='20', file_name='src/test/java/com/zaxxer/hikari/metrics/prometheus/PrometheusMetricsTrackerTest.java')]",G,
HikariCP,4,"('ec64658a5b999828b1f3ed598a20db1665aa4f36', 'f5f3e711d1cea5e32b2348bfbc3de6a32f5557db', '56f807d6f5e8a48705373a35237652f6e0863f2e', 'e0b5f65fa3d79a0ca83e914a7748daf35c471f7f')",Add Method Modifier,src/main/java/com/zaxxer/hikari/proxy/ConnectionProxy.java@public setAutoCommit(autoCommit boolean) : void,src/main/java/com/zaxxer/hikari/proxy/ConnectionProxy.java@public setAutoCommit(autoCommit boolean) : void,"[BlameRes(sha1='4a053bf924963aee75ec8aff3c95f3c797baab90', oline='453', file_name='src/main/java/com/zaxxer/hikari/proxy/ConnectionProxy.java')]",G,explicit: C3
HikariCP,5,"('81acb25e508824ec3fe6d28af1b8da0404fcf621', '5e884916b0dc69f06839c609573c4ffca68b6d77', '734ba72a8f11401c6145480192ac99802b09c744', 'dd38f74d985058b654b5b56af827668f20027588', '5eed31a3781e59ef2b1ba101db56beb4ec777f9f')",Rename Class,src/test/java/com/zaxxer/hikari/performance/Benchmarks.java@com.zaxxer.hikari.performance.Benchmarks.Runner,src/test/java/com/zaxxer/hikari/performance/Benchmarks.java@com.zaxxer.hikari.performance.Benchmarks.SillyRunner,"[BlameRes(sha1='cbede5c9e8843e49ea2e0c62c1b334d22361f3fe', oline='85', file_name='src/test/java/com/zaxxer/hikari/performance/Benchmarks.java')]",G,not explicit
goclipse,2,"('79876500f98b19f2b45159b85e828f8b089f462b', '443e5b094cfa2826d28379860916f7535cb8861b')",Pull Up Attribute,plugin_ide.ui/src/com/googlecode/goclipse/ui/editor/actions/AbstractEditorGoToolOperation.java@protected project : IProject,plugin_ide.ui/src-lang/melnorme/lang/ide/ui/utils/operations/AbstractEditorOperation2.java@protected project : IProject,"[BlameRes(sha1='aee64111a55eb4a5a708e6efb0dea115293433ea', oline='28', file_name='plugin_ide.ui/src/com/googlecode/goclipse/ui/editor/actions/AbstractEditorGoToolOperation.java')]",G,not explicit
goclipse,3,"('79876500f98b19f2b45159b85e828f8b089f462b', '443e5b094cfa2826d28379860916f7535cb8861b', '0427d4749f23afa10bc32c5db94c71aedb06efed')",Split Class,plugin_ide.ui/src/com/googlecode/goclipse/ui/editor/GoDocHover.java@com.googlecode.goclipse.ui.editor.GoDocHover,plugin_ide.ui/src-lang/melnorme/lang/ide/ui/editor/hover/AbstractEditorTextHover.java@melnorme.lang.ide.ui.editor.hover.AbstractEditorTextHover,"[BlameRes(sha1='6625b5b97120b78b9086aa7faddefd897f2d84e8', oline='11', file_name='plugin_ide.ui/src/com/googlecode/goclipse/ui/editor/GoDocHover.java')]",G,not explicit
goclipse,4,"('e14683ef135fc58cfc857902bd7ac9ce6ab5b93a', 'e2bead43fceb7e519ed7f4383055d39517806887', '9188325f76663b24467793382aa1e1fc13eb6e6b', '46f9afdcd7b8705696054a18cfa4109ec00c14ab')",Move Class,com.googlecode.goclipse.ui/src/com/googlecode/goclipse/ui/properties/TextField.java@com.googlecode.goclipse.ui.properties.TextField,com.googlecode.goclipse.ui/src-lang/base/melnorme/util/swt/components/fields/TextField.java@melnorme.util.swt.components.fields.TextField,"[BlameRes(sha1='0849f72427fc02adf5fff5dc51299536f555bfa6', oline='12', file_name='com.googlecode.goclipse.ui/src/com/googlecode/goclipse/ui/properties/TextField.java')]",C: Move Class + Move Class,not explicit
goclipse,5,"('ac8073a81602019b393334f5d6d45f9c2ef42a9c', '25d309e76f32fbc026798d3096dfa2fbdf820d91', 'cc9785e4d17986ed43144d44c78884e1bbb39ddf', '956e3303517b291017509f91243f050a5afa4b85', '51ff1a72d9fdeae93f73b13611c04ebbd4938893')",Move Package,plugin_ide.ui/src/MELNORME_ID/ide/ui/LANGUAGE_UI.java@MELNORME_ID.ide.ui.LANGUAGE_UI,plugin_ide.ui/src/LANG_PROJECT_ID/ide/ui/launch/LANGUAGE_TabGroup.java@LANG_PROJECT_ID.ide.ui.launch.LANGUAGE_TabGroup,"[BlameRes(sha1='091e2c61584d1ba7c23a4ac064528ccc50b5f74c', oline='5', file_name='plugin_ide.ui/src/mmrnmhrm/ui/LANGUAGE_UI.java')]",G,not explicit
