Repository,Granularity level,fine-grained commits,CGR type,CGR left,CGR right,CGR traced location,Cause,
sshj,2,"('3cd638d3c853c4a2f308eae498cd1c03c74a5810', 'ce920df4f631b431c3a2ece11d7ddcdf40049eb3')",Move Attribute,src/main/java/net/schmizz/sshj/sftp/SFTPClient.java@private pathHelper : PathHelper,src/main/java/net/schmizz/sshj/sftp/SFTPEngine.java@protected pathHelper : PathHelper,"[BlameRes(sha1='1c032ea6e0093990d43ee464b2248ad7e73a2e58', oline='20', file_name='src/main/java/net/schmizz/sshj/sftp/SFTPClient.java')]",,
sshj,2,"('3cd638d3c853c4a2f308eae498cd1c03c74a5810', 'ce920df4f631b431c3a2ece11d7ddcdf40049eb3')",Change Attribute Access Modifier,src/main/java/net/schmizz/sshj/sftp/SFTPClient.java@private pathHelper : PathHelper,src/main/java/net/schmizz/sshj/sftp/SFTPEngine.java@protected pathHelper : PathHelper,"[BlameRes(sha1='1c032ea6e0093990d43ee464b2248ad7e73a2e58', oline='20', file_name='src/main/java/net/schmizz/sshj/sftp/SFTPClient.java')]",,
sshj,2,"('ff8c98963643ea109cc64a13e5bfd2e0f6a4d949', 'f96e6475c434a9f6b399ea5ca22ee2a4222ee723')",Rename Method,"src/main/java/net/schmizz/sshj/signature/AbstractSignature.java@public init(publicKey PublicKey, privateKey PrivateKey) : void",src/main/java/net/schmizz/sshj/signature/AbstractSignature.java@public initSign(privateKey PrivateKey) : void,"[BlameRes(sha1='7e12cc8a8f6284130f0037ae46c329797a5fd955', oline='21', file_name='src/main/java/net/schmizz/sshj/signature/AbstractSignature.java')]",,
sshj,2,"('ff8c98963643ea109cc64a13e5bfd2e0f6a4d949', 'f96e6475c434a9f6b399ea5ca22ee2a4222ee723')",Remove Parameter,src/main/java/net/schmizz/sshj/signature/AbstractSignature.java@publicKey : PublicKey,src/main/java/net/schmizz/sshj/signature/AbstractSignature.java@public initSign(privateKey PrivateKey) : void,"[BlameRes(sha1='499d1ebf786fc5fe6b9000de09d3fac7b41bf542', oline='21', file_name='src/main/java/net/schmizz/sshj/signature/AbstractSignature.java')]",,
sshj,2,"('ff8c98963643ea109cc64a13e5bfd2e0f6a4d949', 'f96e6475c434a9f6b399ea5ca22ee2a4222ee723')",Rename Method,"src/main/java/com/hierynomus/sshj/signature/SignatureEdDSA.java@public init(pubkey PublicKey, prvkey PrivateKey) : void",src/main/java/com/hierynomus/sshj/signature/SignatureEdDSA.java@public initSign(prvkey PrivateKey) : void,"[BlameRes(sha1='714f52d62e8c5c811a43f79a208ead736f4c38f0', oline='35', file_name='src/main/java/com/hierynomus/sshj/signature/SignatureEdDSA.java')]",,
sshj,2,"('ff8c98963643ea109cc64a13e5bfd2e0f6a4d949', 'f96e6475c434a9f6b399ea5ca22ee2a4222ee723')",Remove Parameter,src/main/java/com/hierynomus/sshj/signature/SignatureEdDSA.java@pubkey : PublicKey,src/main/java/com/hierynomus/sshj/signature/SignatureEdDSA.java@public initSign(prvkey PrivateKey) : void,"[BlameRes(sha1='714f52d62e8c5c811a43f79a208ead736f4c38f0', oline='36', file_name='src/main/java/com/hierynomus/sshj/signature/SignatureEdDSA.java')]",,
sshj,2,"('ff8c98963643ea109cc64a13e5bfd2e0f6a4d949', 'f96e6475c434a9f6b399ea5ca22ee2a4222ee723')",Rename Method,"src/main/java/net/schmizz/sshj/signature/Signature.java@public init(pubkey PublicKey, prvkey PrivateKey) : void",src/main/java/net/schmizz/sshj/signature/Signature.java@public initSign(prvkey PrivateKey) : void,"[BlameRes(sha1='9907e481784e20d8344858c75c9c8dd81b56c2d7', oline='8', file_name='src/main/java/net/schmizz/sshj/signature/Signature.java')]",,
sshj,2,"('ff8c98963643ea109cc64a13e5bfd2e0f6a4d949', 'f96e6475c434a9f6b399ea5ca22ee2a4222ee723')",Remove Parameter,src/main/java/net/schmizz/sshj/signature/Signature.java@pubkey : PublicKey,src/main/java/net/schmizz/sshj/signature/Signature.java@public initSign(prvkey PrivateKey) : void,"[BlameRes(sha1='9907e481784e20d8344858c75c9c8dd81b56c2d7', oline='8', file_name='src/main/java/net/schmizz/sshj/signature/Signature.java')]",,
sshj,2,"('f03832ed403d8fa1d05005c0ed84fc3ac400d125', 'cfb1ef9383659a9ffaa46acd0fe6b0290bdf5460')",Rename Method,src/main/java/net/schmizz/sshj/connection/Connection.java@public getTimeout() : int,src/main/java/net/schmizz/sshj/connection/Connection.java@public getTimeoutMs() : int,"[BlameRes(sha1='9907e481784e20d8344858c75c9c8dd81b56c2d7', oline='45', file_name='src/main/java/net/schmizz/sshj/connection/Connection.java')]",X,
sshj,2,"('f03832ed403d8fa1d05005c0ed84fc3ac400d125', 'cfb1ef9383659a9ffaa46acd0fe6b0290bdf5460')",Rename Method,src/main/java/net/schmizz/sshj/connection/Connection.java@public setTimeout(timeout int) : void,src/main/java/net/schmizz/sshj/connection/Connection.java@public setTimeoutMs(timeout int) : void,"[BlameRes(sha1='9907e481784e20d8344858c75c9c8dd81b56c2d7', oline='47', file_name='src/main/java/net/schmizz/sshj/connection/Connection.java')]",X,
sshj,2,"('ebe8332dce29538cceb4a2336bbb94817fb535dd', 'a1f1cd945c69e3b94d640d2414272f0435bd1f29')",Rename Parameter,src/main/java/net/schmizz/sshj/sftp/Requester.java@request : Request,src/main/java/net/schmizz/sshj/sftp/Requester.java@req : Request,"[BlameRes(sha1='ab6d176e2540e047f267a3b9c5a88058073b4e2e', oline='16', file_name='src/main/java/net/schmizz/sshj/sftp/Requester.java')]",G,
sshj,2,"('ebe8332dce29538cceb4a2336bbb94817fb535dd', 'a1f1cd945c69e3b94d640d2414272f0435bd1f29')",Move And Inline Method,"src/main/java/net/schmizz/sshj/sftp/Request.java@public getResponsePromise() : Promise<Response,SFTPException>","src/main/java/net/schmizz/sshj/sftp/SFTPEngine.java@public request(req Request) : Promise<Response,SFTPException>","[BlameRes(sha1='0b8039106a844a99921b57e74ae98a7ff87a05bd', oline='28', file_name='src/main/java/net/schmizz/sshj/sftp/Request.java')]",,
sshj,2,"('4d1e4ecaa7cb4d012e4c358a691625d1e1c22e46', '3cd638d3c853c4a2f308eae498cd1c03c74a5810')",Extract And Move Method,src/main/java/net/schmizz/sshj/sftp/RemoteDirectory.java@public scan(filter RemoteResourceFilter) : List<RemoteResourceInfo>,"src/main/java/net/schmizz/sshj/sftp/PathHelper.java@public getComponents(parent String, name String) : PathComponents","[BlameRes(sha1='b037f5bf9b277f6bb8e1115788c65b07eb2f0c2d', oline='16', file_name='src/main/java/net/schmizz/sshj/sftp/RemoteDirectory.java')]",,
sshj,2,"('4f891757b168cb5d097a9cae2623363606134f2b', '4fbbbe5a482c27dfa5d5266138670b39eb522335')",Rename Method,src/main/java/net/schmizz/sshj/xfer/FileSystemFile.java@public getChildren() : Iterable<LocalFile>,src/main/java/net/schmizz/sshj/xfer/FileSystemFile.java@public getOutputStream() : OutputStream,"[BlameRes(sha1='6765748f567454929d2a54d21501806050c9154d', oline='55', file_name='src/main/java/net/schmizz/sshj/xfer/FileSystemFile.java')]",,
sshj,2,"('4f891757b168cb5d097a9cae2623363606134f2b', '4fbbbe5a482c27dfa5d5266138670b39eb522335')",Rename Method,src/main/java/net/schmizz/sshj/xfer/scp/SCPUploadClient.java@private init(target String) : void,"src/main/java/net/schmizz/sshj/xfer/scp/SCPUploadClient.java@private startCopy(sourceFile LocalSourceFile, targetPath String) : void","[BlameRes(sha1='c724a2aa839f1b064214c23fbc04609e71bb7756', oline='54', file_name='src/main/java/net/schmizz/sshj/xfer/scp/SCPUploadClient.java')]",,
sshj,2,"('4f891757b168cb5d097a9cae2623363606134f2b', '4fbbbe5a482c27dfa5d5266138670b39eb522335')",Rename Parameter,src/main/java/net/schmizz/sshj/xfer/scp/SCPUploadClient.java@target : String,src/main/java/net/schmizz/sshj/xfer/scp/SCPUploadClient.java@targetPath : String,"[BlameRes(sha1='c724a2aa839f1b064214c23fbc04609e71bb7756', oline='54', file_name='src/main/java/net/schmizz/sshj/xfer/scp/SCPUploadClient.java')]",,
sshj,2,"('4f891757b168cb5d097a9cae2623363606134f2b', '4fbbbe5a482c27dfa5d5266138670b39eb522335')",Add Parameter,src/main/java/net/schmizz/sshj/xfer/scp/SCPUploadClient.java@private init(target String) : void,src/main/java/net/schmizz/sshj/xfer/scp/SCPUploadClient.java@sourceFile : LocalSourceFile,"[BlameRes(sha1='c724a2aa839f1b064214c23fbc04609e71bb7756', oline='54', file_name='src/main/java/net/schmizz/sshj/xfer/scp/SCPUploadClient.java')]",,
sshj,2,"('4f891757b168cb5d097a9cae2623363606134f2b', '4fbbbe5a482c27dfa5d5266138670b39eb522335')",Change Thrown Exception Type,src/main/java/net/schmizz/sshj/xfer/scp/SCPUploadClient.java@SSHException,src/main/java/net/schmizz/sshj/xfer/scp/SCPUploadClient.java@IOException,"[BlameRes(sha1='c724a2aa839f1b064214c23fbc04609e71bb7756', oline='55', file_name='src/main/java/net/schmizz/sshj/xfer/scp/SCPUploadClient.java')]",,
sshj,2,"('4f891757b168cb5d097a9cae2623363606134f2b', '4fbbbe5a482c27dfa5d5266138670b39eb522335')",Add Method Modifier,src/main/java/net/schmizz/sshj/xfer/scp/SCPUploadClient.java@private init(target String) : void,"src/main/java/net/schmizz/sshj/xfer/scp/SCPUploadClient.java@private startCopy(sourceFile LocalSourceFile, targetPath String) : void","[BlameRes(sha1='c724a2aa839f1b064214c23fbc04609e71bb7756', oline='54', file_name='src/main/java/net/schmizz/sshj/xfer/scp/SCPUploadClient.java')]",,
sshj,2,"('4f891757b168cb5d097a9cae2623363606134f2b', '4fbbbe5a482c27dfa5d5266138670b39eb522335')",Change Return Type,src/main/java/net/schmizz/sshj/xfer/LocalFile.java@Iterable<LocalFile>,src/main/java/net/schmizz/sshj/xfer/LocalSourceFile.java@Iterable<? extends LocalSourceFile>,"[BlameRes(sha1='ce1ed1f671d6930a734edea72b0b33e0c54e7590', oline='20', file_name='src/main/java/net/schmizz/sshj/xfer/LocalFile.java')]",,
sshj,2,"('4f891757b168cb5d097a9cae2623363606134f2b', '4fbbbe5a482c27dfa5d5266138670b39eb522335')",Change Parameter Type,src/main/java/net/schmizz/sshj/xfer/LocalFile.java@filter : FileFilter,src/main/java/net/schmizz/sshj/xfer/LocalSourceFile.java@filter : LocalFileFilter,"[BlameRes(sha1='ce1ed1f671d6930a734edea72b0b33e0c54e7590', oline='20', file_name='src/main/java/net/schmizz/sshj/xfer/LocalFile.java')]",,
sshj,2,"('4f891757b168cb5d097a9cae2623363606134f2b', '4fbbbe5a482c27dfa5d5266138670b39eb522335')",Rename Class,src/main/java/net/schmizz/sshj/xfer/LocalFile.java@net.schmizz.sshj.xfer.LocalFile,src/main/java/net/schmizz/sshj/xfer/LocalSourceFile.java@net.schmizz.sshj.xfer.LocalSourceFile,"[BlameRes(sha1='6765748f567454929d2a54d21501806050c9154d', oline='6', file_name='src/main/java/net/schmizz/sshj/xfer/LocalFile.java')]",,
sshj,2,"('4f891757b168cb5d097a9cae2623363606134f2b', '4fbbbe5a482c27dfa5d5266138670b39eb522335')",Add Thrown Exception Type,src/main/java/net/schmizz/sshj/xfer/DefaultModeGetter.java@public getLastAccessTime(f LocalFile) : long,src/main/java/net/schmizz/sshj/xfer/FileSystemFile.java@IOException,"[BlameRes(sha1='6765748f567454929d2a54d21501806050c9154d', oline='30', file_name='src/main/java/net/schmizz/sshj/xfer/DefaultModeGetter.java')]",,
sshj,2,"('4f891757b168cb5d097a9cae2623363606134f2b', '4fbbbe5a482c27dfa5d5266138670b39eb522335')",Add Thrown Exception Type,src/main/java/net/schmizz/sshj/xfer/InMemoryFile.java@public lastModified() : long,src/main/java/net/schmizz/sshj/xfer/FileSystemFile.java@IOException,"[BlameRes(sha1='6765748f567454929d2a54d21501806050c9154d', oline='61', file_name='src/main/java/net/schmizz/sshj/xfer/InMemoryFile.java')]",,
sshj,2,"('4f891757b168cb5d097a9cae2623363606134f2b', '4fbbbe5a482c27dfa5d5266138670b39eb522335')",Remove Parameter,src/main/java/net/schmizz/sshj/xfer/DefaultModeGetter.java@f : LocalFile,src/main/java/net/schmizz/sshj/xfer/FileSystemFile.java@public getLastAccessTime() : long,"[BlameRes(sha1='6765748f567454929d2a54d21501806050c9154d', oline='31', file_name='src/main/java/net/schmizz/sshj/xfer/DefaultModeGetter.java')]",,
sshj,2,"('4f891757b168cb5d097a9cae2623363606134f2b', '4fbbbe5a482c27dfa5d5266138670b39eb522335')",Move Method,src/main/java/net/schmizz/sshj/xfer/DefaultModeGetter.java@public getLastAccessTime(f LocalFile) : long,src/main/java/net/schmizz/sshj/xfer/FileSystemFile.java@public getLastAccessTime() : long,"[BlameRes(sha1='6765748f567454929d2a54d21501806050c9154d', oline='30', file_name='src/main/java/net/schmizz/sshj/xfer/DefaultModeGetter.java')]",,
sshj,2,"('4f891757b168cb5d097a9cae2623363606134f2b', '4fbbbe5a482c27dfa5d5266138670b39eb522335')",Move And Rename Method,src/main/java/net/schmizz/sshj/xfer/InMemoryFile.java@public lastModified() : long,src/main/java/net/schmizz/sshj/xfer/FileSystemFile.java@public getLastAccessTime() : long,"[BlameRes(sha1='6765748f567454929d2a54d21501806050c9154d', oline='61', file_name='src/main/java/net/schmizz/sshj/xfer/InMemoryFile.java')]",,
sshj,2,"('4f891757b168cb5d097a9cae2623363606134f2b', '4fbbbe5a482c27dfa5d5266138670b39eb522335')",Add Thrown Exception Type,src/main/java/net/schmizz/sshj/xfer/DefaultModeGetter.java@public getLastModifiedTime(f LocalFile) : long,src/main/java/net/schmizz/sshj/xfer/FileSystemFile.java@IOException,"[BlameRes(sha1='6765748f567454929d2a54d21501806050c9154d', oline='35', file_name='src/main/java/net/schmizz/sshj/xfer/DefaultModeGetter.java')]",,
sshj,2,"('4f891757b168cb5d097a9cae2623363606134f2b', '4fbbbe5a482c27dfa5d5266138670b39eb522335')",Remove Parameter,src/main/java/net/schmizz/sshj/xfer/DefaultModeGetter.java@f : LocalFile,src/main/java/net/schmizz/sshj/xfer/FileSystemFile.java@public getLastModifiedTime() : long,"[BlameRes(sha1='6765748f567454929d2a54d21501806050c9154d', oline='36', file_name='src/main/java/net/schmizz/sshj/xfer/DefaultModeGetter.java')]",,
sshj,2,"('4f891757b168cb5d097a9cae2623363606134f2b', '4fbbbe5a482c27dfa5d5266138670b39eb522335')",Move Method,src/main/java/net/schmizz/sshj/xfer/DefaultModeGetter.java@public getLastModifiedTime(f LocalFile) : long,src/main/java/net/schmizz/sshj/xfer/FileSystemFile.java@public getLastModifiedTime() : long,"[BlameRes(sha1='6765748f567454929d2a54d21501806050c9154d', oline='35', file_name='src/main/java/net/schmizz/sshj/xfer/DefaultModeGetter.java')]",,
sshj,2,"('4f891757b168cb5d097a9cae2623363606134f2b', '4fbbbe5a482c27dfa5d5266138670b39eb522335')",Move Method,src/main/java/net/schmizz/sshj/xfer/InMemoryFile.java@public isDirectory() : boolean,src/main/java/net/schmizz/sshj/xfer/InMemorySourceFile.java@public isDirectory() : boolean,"[BlameRes(sha1='6765748f567454929d2a54d21501806050c9154d', oline='28', file_name='src/main/java/net/schmizz/sshj/xfer/InMemoryFile.java')]",,
sshj,2,"('4f891757b168cb5d097a9cae2623363606134f2b', '4fbbbe5a482c27dfa5d5266138670b39eb522335')",Rename Method,src/main/java/net/schmizz/sshj/xfer/LocalFile.java@public length() : long,src/main/java/net/schmizz/sshj/xfer/LocalSourceFile.java@public getLength() : long,"[BlameRes(sha1='6765748f567454929d2a54d21501806050c9154d', oline='12', file_name='src/main/java/net/schmizz/sshj/xfer/LocalFile.java')]",,
sshj,2,"('826e45ead1e628deca48c9012254931f81aeb5b6', '6765748f567454929d2a54d21501806050c9154d')",Rename Parameter,src/main/java/net/schmizz/sshj/xfer/scp/SCPUploadClient.java@sourcePath : String,src/main/java/net/schmizz/sshj/xfer/scp/SCPUploadClient.java@sourceFile : LocalFile,"[BlameRes(sha1='c724a2aa839f1b064214c23fbc04609e71bb7756', oline='39', file_name='src/main/java/net/schmizz/sshj/xfer/scp/SCPUploadClient.java')]",,
sshj,2,"('826e45ead1e628deca48c9012254931f81aeb5b6', '6765748f567454929d2a54d21501806050c9154d')",Change Parameter Type,src/main/java/net/schmizz/sshj/xfer/scp/SCPUploadClient.java@sourcePath : String,src/main/java/net/schmizz/sshj/xfer/scp/SCPUploadClient.java@sourceFile : LocalFile,"[BlameRes(sha1='c724a2aa839f1b064214c23fbc04609e71bb7756', oline='39', file_name='src/main/java/net/schmizz/sshj/xfer/scp/SCPUploadClient.java')]",,
sshj,2,"('826e45ead1e628deca48c9012254931f81aeb5b6', '6765748f567454929d2a54d21501806050c9154d')",Remove Method Annotation,src/main/java/net/schmizz/sshj/xfer/scp/SCPUploadClient.java@@Override,"src/main/java/net/schmizz/sshj/xfer/scp/SCPUploadClient.java@private startCopy(sourceFile LocalFile, targetPath String) : void","[BlameRes(sha1='9907e481784e20d8344858c75c9c8dd81b56c2d7', oline='36', file_name='src/main/java/net/schmizz/sshj/xfer/scp/SCPUploadClient.java')]",,
sshj,2,"('826e45ead1e628deca48c9012254931f81aeb5b6', '6765748f567454929d2a54d21501806050c9154d')",Change Method Access Modifier,"src/main/java/net/schmizz/sshj/xfer/scp/SCPUploadClient.java@protected startCopy(sourcePath String, targetPath String) : void","src/main/java/net/schmizz/sshj/xfer/scp/SCPUploadClient.java@private startCopy(sourceFile LocalFile, targetPath String) : void","[BlameRes(sha1='9907e481784e20d8344858c75c9c8dd81b56c2d7', oline='36', file_name='src/main/java/net/schmizz/sshj/xfer/scp/SCPUploadClient.java')]",,
sshj,2,"('826e45ead1e628deca48c9012254931f81aeb5b6', '6765748f567454929d2a54d21501806050c9154d')",Change Parameter Type,src/main/java/net/schmizz/sshj/xfer/scp/SCPEngine.java@sourcePath : String,src/main/java/net/schmizz/sshj/xfer/scp/SCPUploadClient.java@sourceFile : LocalFile,"[BlameRes(sha1='c724a2aa839f1b064214c23fbc04609e71bb7756', oline='55', file_name='src/main/java/net/schmizz/sshj/xfer/scp/SCPEngine.java')]",,
sshj,2,"('826e45ead1e628deca48c9012254931f81aeb5b6', '6765748f567454929d2a54d21501806050c9154d')",Rename Parameter,src/main/java/net/schmizz/sshj/xfer/scp/SCPEngine.java@sourcePath : String,src/main/java/net/schmizz/sshj/xfer/scp/SCPUploadClient.java@sourceFile : LocalFile,"[BlameRes(sha1='c724a2aa839f1b064214c23fbc04609e71bb7756', oline='55', file_name='src/main/java/net/schmizz/sshj/xfer/scp/SCPEngine.java')]",,
sshj,2,"('826e45ead1e628deca48c9012254931f81aeb5b6', '6765748f567454929d2a54d21501806050c9154d')",Rename Parameter,src/main/java/net/schmizz/sshj/xfer/scp/SCPEngine.java@targetPath : String,src/main/java/net/schmizz/sshj/xfer/scp/SCPUploadClient.java@remotePath : String,"[BlameRes(sha1='c724a2aa839f1b064214c23fbc04609e71bb7756', oline='55', file_name='src/main/java/net/schmizz/sshj/xfer/scp/SCPEngine.java')]",,
sshj,2,"('826e45ead1e628deca48c9012254931f81aeb5b6', '6765748f567454929d2a54d21501806050c9154d')",Add Method Modifier,"src/main/java/net/schmizz/sshj/xfer/scp/SCPEngine.java@public copy(sourcePath String, targetPath String) : int","src/main/java/net/schmizz/sshj/xfer/scp/SCPUploadClient.java@public copy(sourceFile LocalFile, remotePath String) : int","[BlameRes(sha1='c724a2aa839f1b064214c23fbc04609e71bb7756', oline='55', file_name='src/main/java/net/schmizz/sshj/xfer/scp/SCPEngine.java')]",,
sshj,2,"('826e45ead1e628deca48c9012254931f81aeb5b6', '6765748f567454929d2a54d21501806050c9154d')",Move Method,"src/main/java/net/schmizz/sshj/xfer/scp/SCPEngine.java@public copy(sourcePath String, targetPath String) : int","src/main/java/net/schmizz/sshj/xfer/scp/SCPUploadClient.java@public copy(sourceFile LocalFile, remotePath String) : int","[BlameRes(sha1='c724a2aa839f1b064214c23fbc04609e71bb7756', oline='55', file_name='src/main/java/net/schmizz/sshj/xfer/scp/SCPEngine.java')]",,
sshj,3,"('516d7ebda1b4f05a4168443870683ec1c2b05d32', 'bd4ce30b466b24f67acf67761b837869ec9b9e3f', '304ea45758c273d857265be4b2577b5eed6cf47b')",Extract Variable,src/test/java/net/schmizz/sshj/userauth/password/TestConsolePasswordFinder.java@,src/test/java/net/schmizz/sshj/userauth/password/TestConsolePasswordFinder.java@resource : Resource<?>,"[BlameRes(sha1='7496760d9e3e5efd509c1e09d98f5ba9307ea805', oline='12', file_name='src/test/java/net/schmizz/sshj/userauth/password/TestConsolePasswordFinder.java')]",,
sshj,3,"('5c6699dab0b445220966b0d4d677505098c02da5', 'ca8ec7c59c5f0391cfb6034702156794c7ad9788', 'ac656714686913570490adf769bc6417bd840127')",Rename Method,src/main/java/net/schmizz/sshj/transport/kex/DH.java@public getE() : BigInteger,src/main/java/net/schmizz/sshj/transport/kex/DH.java@public getP() : BigInteger,"[BlameRes(sha1='3c77bfb35b2460356e75e6235a242cd8eca096ab', oline='54', file_name='src/main/java/net/schmizz/sshj/transport/kex/DH.java')]",G,
sshj,3,"('5c6699dab0b445220966b0d4d677505098c02da5', 'ca8ec7c59c5f0391cfb6034702156794c7ad9788', 'ac656714686913570490adf769bc6417bd840127')",Extract Method,"src/main/java/net/schmizz/sshj/transport/kex/DH.java@public init(p BigInteger, g BigInteger) : void",src/main/java/net/schmizz/sshj/transport/kex/DH.java@public getG() : BigInteger,"[BlameRes(sha1='3c77bfb35b2460356e75e6235a242cd8eca096ab', oline='34', file_name='src/main/java/net/schmizz/sshj/transport/kex/DH.java')]",,
sshj,3,"('29a4478ee68fd4619c6d605264b12ec30e3c2551', '2864447c6953f8934850222b6341e6b26a0e2cd0', 'd94c64274252c6624577433b53ee6e0fc6e6c69f')",Rename Class,src/main/java/net/schmizz/sshj/signature/SignatureRSA.java@net.schmizz.sshj.signature.SignatureRSA.Factory,src/main/java/net/schmizz/sshj/signature/SignatureRSA.java@net.schmizz.sshj.signature.SignatureRSA.FactorySSHRSA,"[BlameRes(sha1='a33cefc4c66359e8172b711a5bd0ae032a2d558d', oline='11', file_name='src/main/java/net/schmizz/sshj/signature/SignatureRSA.java')]",,
sshj,3,"('8311f6386b4bd28201c0bc5694b8581e9d5c8163', '826e45ead1e628deca48c9012254931f81aeb5b6', '6765748f567454929d2a54d21501806050c9154d')",Change Parameter Type,src/main/java/net/schmizz/sshj/xfer/scp/SCPUploadClient.java@f : File,src/main/java/net/schmizz/sshj/xfer/scp/SCPUploadClient.java@f : LocalFile,"[BlameRes(sha1='c724a2aa839f1b064214c23fbc04609e71bb7756', oline='64', file_name='src/main/java/net/schmizz/sshj/xfer/scp/SCPUploadClient.java')]",,
sshj,3,"('8311f6386b4bd28201c0bc5694b8581e9d5c8163', '826e45ead1e628deca48c9012254931f81aeb5b6', '6765748f567454929d2a54d21501806050c9154d')",Change Variable Type,src/main/java/net/schmizz/sshj/xfer/scp/SCPUploadClient.java@child : File,src/main/java/net/schmizz/sshj/xfer/scp/SCPUploadClient.java@child : LocalFile,"[BlameRes(sha1='9907e481784e20d8344858c75c9c8dd81b56c2d7', oline='73', file_name='src/main/java/net/schmizz/sshj/xfer/scp/SCPUploadClient.java')]",,
sshj,3,"('8311f6386b4bd28201c0bc5694b8581e9d5c8163', '826e45ead1e628deca48c9012254931f81aeb5b6', '6765748f567454929d2a54d21501806050c9154d')",Change Parameter Type,src/main/java/net/schmizz/sshj/xfer/scp/SCPUploadClient.java@f : File,src/main/java/net/schmizz/sshj/xfer/scp/SCPUploadClient.java@f : LocalFile,"[BlameRes(sha1='c724a2aa839f1b064214c23fbc04609e71bb7756', oline='74', file_name='src/main/java/net/schmizz/sshj/xfer/scp/SCPUploadClient.java')]",,
sshj,3,"('8311f6386b4bd28201c0bc5694b8581e9d5c8163', '826e45ead1e628deca48c9012254931f81aeb5b6', '6765748f567454929d2a54d21501806050c9154d')",Change Parameter Type,src/main/java/net/schmizz/sshj/xfer/scp/SCPUploadClient.java@f : File,src/main/java/net/schmizz/sshj/xfer/scp/SCPUploadClient.java@f : LocalFile,"[BlameRes(sha1='c724a2aa839f1b064214c23fbc04609e71bb7756', oline='87', file_name='src/main/java/net/schmizz/sshj/xfer/scp/SCPUploadClient.java')]",,
sshj,3,"('8311f6386b4bd28201c0bc5694b8581e9d5c8163', '826e45ead1e628deca48c9012254931f81aeb5b6', '6765748f567454929d2a54d21501806050c9154d')",Change Parameter Type,src/main/java/net/schmizz/sshj/xfer/scp/SCPUploadClient.java@f : File,src/main/java/net/schmizz/sshj/xfer/scp/SCPUploadClient.java@f : LocalFile,"[BlameRes(sha1='c724a2aa839f1b064214c23fbc04609e71bb7756', oline='102', file_name='src/main/java/net/schmizz/sshj/xfer/scp/SCPUploadClient.java')]",,
sshj,3,"('8311f6386b4bd28201c0bc5694b8581e9d5c8163', '826e45ead1e628deca48c9012254931f81aeb5b6', '6765748f567454929d2a54d21501806050c9154d')",Change Parameter Type,src/main/java/net/schmizz/sshj/xfer/scp/SCPUploadClient.java@f : File,src/main/java/net/schmizz/sshj/xfer/scp/SCPUploadClient.java@f : LocalFile,"[BlameRes(sha1='c724a2aa839f1b064214c23fbc04609e71bb7756', oline='108', file_name='src/main/java/net/schmizz/sshj/xfer/scp/SCPUploadClient.java')]",,
sshj,3,"('8311f6386b4bd28201c0bc5694b8581e9d5c8163', '826e45ead1e628deca48c9012254931f81aeb5b6', '6765748f567454929d2a54d21501806050c9154d')",Extract Class,src/main/java/net/schmizz/sshj/xfer/scp/SCPUploadClient.java@net.schmizz.sshj.xfer.scp.SCPUploadClient,src/main/java/net/schmizz/sshj/xfer/scp/SCPUploadClient.java@net.schmizz.sshj.xfer.scp.SCPUploadClient,"[BlameRes(sha1='c724a2aa839f1b064214c23fbc04609e71bb7756', oline='16', file_name='src/main/java/net/schmizz/sshj/xfer/scp/SCPUploadClient.java')]",,
sshj,3,"('8311f6386b4bd28201c0bc5694b8581e9d5c8163', '826e45ead1e628deca48c9012254931f81aeb5b6', '6765748f567454929d2a54d21501806050c9154d')",Move Method,src/main/java/net/schmizz/sshj/xfer/scp/SCPUploadClient.java@public setFileFilter(fileFilter FileFilter) : void,src/main/java/net/schmizz/sshj/xfer/FileSystemFile.java@public setFileFilter(fileFilter FileFilter) : void,"[BlameRes(sha1='9907e481784e20d8344858c75c9c8dd81b56c2d7', oline='32', file_name='src/main/java/net/schmizz/sshj/xfer/scp/SCPUploadClient.java')]",,
sshj,3,"('8311f6386b4bd28201c0bc5694b8581e9d5c8163', '826e45ead1e628deca48c9012254931f81aeb5b6', '6765748f567454929d2a54d21501806050c9154d')",Move Attribute,src/main/java/net/schmizz/sshj/xfer/scp/SCPUploadClient.java@private fileFilter : FileFilter,src/main/java/net/schmizz/sshj/xfer/FileSystemFile.java@private fileFilter : FileFilter,"[BlameRes(sha1='9907e481784e20d8344858c75c9c8dd81b56c2d7', oline='20', file_name='src/main/java/net/schmizz/sshj/xfer/scp/SCPUploadClient.java')]",,
sshj,3,"('8311f6386b4bd28201c0bc5694b8581e9d5c8163', '826e45ead1e628deca48c9012254931f81aeb5b6', '6765748f567454929d2a54d21501806050c9154d')",Rename Variable,src/main/java/net/schmizz/sshj/xfer/scp/SCPUploadClient.java@files : File[],src/main/java/net/schmizz/sshj/xfer/FileSystemFile.java@childFiles : File[],"[BlameRes(sha1='9907e481784e20d8344858c75c9c8dd81b56c2d7', oline='44', file_name='src/main/java/net/schmizz/sshj/xfer/scp/SCPUploadClient.java')]",,
sshj,3,"('8311f6386b4bd28201c0bc5694b8581e9d5c8163', '826e45ead1e628deca48c9012254931f81aeb5b6', '6765748f567454929d2a54d21501806050c9154d')",Change Return Type,src/main/java/net/schmizz/sshj/xfer/scp/SCPUploadClient.java@File[],src/main/java/net/schmizz/sshj/xfer/FileSystemFile.java@Iterable<LocalFile>,"[BlameRes(sha1='c724a2aa839f1b064214c23fbc04609e71bb7756', oline='46', file_name='src/main/java/net/schmizz/sshj/xfer/scp/SCPUploadClient.java')]",,
sshj,3,"('8311f6386b4bd28201c0bc5694b8581e9d5c8163', '826e45ead1e628deca48c9012254931f81aeb5b6', '6765748f567454929d2a54d21501806050c9154d')",Move Method,src/main/java/net/schmizz/sshj/xfer/scp/SCPUploadClient.java@private getChildren(f File) : File[],src/main/java/net/schmizz/sshj/xfer/FileSystemFile.java@private getChildren(f File) : Iterable<LocalFile>,"[BlameRes(sha1='c724a2aa839f1b064214c23fbc04609e71bb7756', oline='46', file_name='src/main/java/net/schmizz/sshj/xfer/scp/SCPUploadClient.java')]",,
sshj,4,"('4fbbbe5a482c27dfa5d5266138670b39eb522335', '111bb1f6d23252dce9a75e87b88208df0a5cbc31', 'ce1ed1f671d6930a734edea72b0b33e0c54e7590', '624e9f563e621ad800d23ec915e1f66bd135bc83')",Add Thrown Exception Type,src/main/java/net/schmizz/sshj/xfer/DefaultModeGetter.java@public getLastAccessTime(f LocalFile) : long,src/main/java/net/schmizz/sshj/xfer/FileSystemFile.java@IOException,"[BlameRes(sha1='6765748f567454929d2a54d21501806050c9154d', oline='30', file_name='src/main/java/net/schmizz/sshj/xfer/DefaultModeGetter.java')]",X,
sshj,4,"('4fbbbe5a482c27dfa5d5266138670b39eb522335', '111bb1f6d23252dce9a75e87b88208df0a5cbc31', 'ce1ed1f671d6930a734edea72b0b33e0c54e7590', '624e9f563e621ad800d23ec915e1f66bd135bc83')",Remove Parameter,src/main/java/net/schmizz/sshj/xfer/DefaultModeGetter.java@f : LocalFile,src/main/java/net/schmizz/sshj/xfer/FileSystemFile.java@public getLastAccessTime() : long,"[BlameRes(sha1='6765748f567454929d2a54d21501806050c9154d', oline='31', file_name='src/main/java/net/schmizz/sshj/xfer/DefaultModeGetter.java')]",X,
sshj,4,"('4fbbbe5a482c27dfa5d5266138670b39eb522335', '111bb1f6d23252dce9a75e87b88208df0a5cbc31', 'ce1ed1f671d6930a734edea72b0b33e0c54e7590', '624e9f563e621ad800d23ec915e1f66bd135bc83')",Move Method,src/main/java/net/schmizz/sshj/xfer/DefaultModeGetter.java@public getLastAccessTime(f LocalFile) : long,src/main/java/net/schmizz/sshj/xfer/FileSystemFile.java@public getLastAccessTime() : long,"[BlameRes(sha1='6765748f567454929d2a54d21501806050c9154d', oline='30', file_name='src/main/java/net/schmizz/sshj/xfer/DefaultModeGetter.java')]",X,
sshj,4,"('4fbbbe5a482c27dfa5d5266138670b39eb522335', '111bb1f6d23252dce9a75e87b88208df0a5cbc31', 'ce1ed1f671d6930a734edea72b0b33e0c54e7590', '624e9f563e621ad800d23ec915e1f66bd135bc83')",Remove Parameter,src/main/java/net/schmizz/sshj/xfer/DefaultModeGetter.java@f : LocalFile,src/main/java/net/schmizz/sshj/xfer/FileSystemFile.java@public getPermissions() : int,"[BlameRes(sha1='6765748f567454929d2a54d21501806050c9154d', oline='41', file_name='src/main/java/net/schmizz/sshj/xfer/DefaultModeGetter.java')]",X,
sshj,4,"('4fbbbe5a482c27dfa5d5266138670b39eb522335', '111bb1f6d23252dce9a75e87b88208df0a5cbc31', 'ce1ed1f671d6930a734edea72b0b33e0c54e7590', '624e9f563e621ad800d23ec915e1f66bd135bc83')",Move Method,src/main/java/net/schmizz/sshj/xfer/DefaultModeGetter.java@public getPermissions(f LocalFile) : int,src/main/java/net/schmizz/sshj/xfer/FileSystemFile.java@public getPermissions() : int,"[BlameRes(sha1='6765748f567454929d2a54d21501806050c9154d', oline='40', file_name='src/main/java/net/schmizz/sshj/xfer/DefaultModeGetter.java')]",X,
sshj,5,"('93d11a74ef8385d6839b601257bee91b7970d353', 'bda49d8b626705ece2b0fb1d846046e2e2e2542c', '5c6699dab0b445220966b0d4d677505098c02da5', 'ca8ec7c59c5f0391cfb6034702156794c7ad9788', 'ac656714686913570490adf769bc6417bd840127')",Move Method,src/test/java/net/schmizz/sshj/util/BasicFixture.java@public getServer() : SshServer,src/test/java/com/hierynomus/sshj/test/SshFixture.java@public getServer() : SshServer,"[BlameRes(sha1='036f1c24cac85b4b4de7831c53e9fd182961cc99', oline='84', file_name='src/test/java/net/schmizz/sshj/util/BasicFixture.java')]",X,same name simple function method getServer()
sshj,5,"('218a8664a500751e94ed7753afc71da387f5a497', 'd861753cd12d030aa9fbc4e0c932dd585ee41480', 'e851ffd393c6689451272b128ae9aa658b035c39', '03d94582ec729c05ba826ae176b63d35233b7b3c', '30f87cbee3c7fae9b484e547d2500086094d551d')",Extract Method,"src/main/java/net/schmizz/sshj/common/StreamCopier.java@public copy(in InputStream, out OutputStream, bufSize int, keepFlushing boolean, listener Listener) : long","src/main/java/net/schmizz/sshj/common/StreamCopier.java@private write(buf byte[], count long, read int) : long","[BlameRes(sha1='e6c8eac2ff589fdbee01a77c833e0b5bd1f3d692', oline='33', file_name='src/main/java/net/schmizz/sshj/common/StreamCopier.java')]",G,
sshj,5,"('218a8664a500751e94ed7753afc71da387f5a497', 'd861753cd12d030aa9fbc4e0c932dd585ee41480', 'e851ffd393c6689451272b128ae9aa658b035c39', '03d94582ec729c05ba826ae176b63d35233b7b3c', '30f87cbee3c7fae9b484e547d2500086094d551d')",Remove Parameter,src/main/java/net/schmizz/sshj/common/StreamCopier.java@listener : Listener,src/main/java/net/schmizz/sshj/common/StreamCopier.java@public copy() : long,"[BlameRes(sha1='e6c8eac2ff589fdbee01a77c833e0b5bd1f3d692', oline='33', file_name='src/main/java/net/schmizz/sshj/common/StreamCopier.java')]",,
sshj,5,"('218a8664a500751e94ed7753afc71da387f5a497', 'd861753cd12d030aa9fbc4e0c932dd585ee41480', 'e851ffd393c6689451272b128ae9aa658b035c39', '03d94582ec729c05ba826ae176b63d35233b7b3c', '30f87cbee3c7fae9b484e547d2500086094d551d')",Remove Method Modifier,"src/main/java/net/schmizz/sshj/common/StreamCopier.java@public copy(in InputStream, out OutputStream, bufSize int, keepFlushing boolean, listener Listener) : long",src/main/java/net/schmizz/sshj/common/StreamCopier.java@public copy() : long,"[BlameRes(sha1='e6c8eac2ff589fdbee01a77c833e0b5bd1f3d692', oline='33', file_name='src/main/java/net/schmizz/sshj/common/StreamCopier.java')]",,
sshj,5,"('cfb1ef9383659a9ffaa46acd0fe6b0290bdf5460', '7823957541527aa015de71a7e103d8b9e9a17a07', 'de47d1f23d660420d475fa897583c0c3ec317236', 'a0e3ee0718dd4722d46413054c5a04f6f5764430', 'd836318b935913c15e20dd20781c161f93b710f2')",Rename Method,src/main/java/net/schmizz/sshj/connection/Connection.java@public getTimeout() : int,src/main/java/net/schmizz/sshj/connection/Connection.java@public getTimeoutMs() : int,"[BlameRes(sha1='9907e481784e20d8344858c75c9c8dd81b56c2d7', oline='45', file_name='src/main/java/net/schmizz/sshj/connection/Connection.java')]",,
sshj,5,"('cfb1ef9383659a9ffaa46acd0fe6b0290bdf5460', '7823957541527aa015de71a7e103d8b9e9a17a07', 'de47d1f23d660420d475fa897583c0c3ec317236', 'a0e3ee0718dd4722d46413054c5a04f6f5764430', 'd836318b935913c15e20dd20781c161f93b710f2')",Rename Method,src/main/java/net/schmizz/sshj/connection/Connection.java@public setTimeout(timeout int) : void,src/main/java/net/schmizz/sshj/connection/Connection.java@public setTimeoutMs(timeout int) : void,"[BlameRes(sha1='9907e481784e20d8344858c75c9c8dd81b56c2d7', oline='47', file_name='src/main/java/net/schmizz/sshj/connection/Connection.java')]",,